Material,object_shape,dim_mm,Time_step,Pressure,S1,S2,S3,S4,S5,S6,S7,S8,S9
Rubber,Beam,24.11,7.4,300.67,1.1934,4.4718,1.9855,2.9053,5.3077,3.6877,4.4756,6.1437,5.4269
Silicone,Beam,23.09,2.94,199.85,4.3546,3.5557,5.8499,6.1925,5.6549,7.5538,7.7638,7.7578,9.1184
Rubber,Cylinder,22.35,8.05,239.35,2.3361,3.4179,1.6596,3.7364,4.6566,3.5043,4.9493,5.8188,5.3975
Rubber,Cylinder,55.31,9.97,428.0,4.0965,0.01,0.01,4.4322,1.1124,1.6823,4.809,2.6492,3.3612
Silicone,Cylinder,22.48,0.4,173.3,3.6969,4.5467,4.8545,5.7056,6.4352,6.8872,7.7288,8.4817,8.9516
Silicone,Sphere,23.6,8.98,435.48,12.1629,11.151,12.342,18.4799,18.566,20.1006,24.9102,25.7008,27.7002
Rubber,Cylinder,47.97,6.26,48.63,0.01,0.6471,0.3075,0.01,0.721,0.5179,0.0274,0.6564,0.5124
TPU,Beam,32.49,9.74,389.52,5.3527,1.1598,2.0066,6.5986,3.7658,4.6484,7.8997,6.3293,7.0892
Rubber,Cylinder,48.84,4.7,424.54,0.1137,0.01,3.9402,1.7,1.6289,4.6608,3.1818,3.3599,5.2895
Rubber,Beam,13.27,8.49,95.0,1.8018,1.6228,0.7735,2.3456,2.3339,1.7825,3.0334,3.1353,3.0336
Rubber,Sphere,34.38,0.72,218.02,2.6485,3.2513,2.8563,3.434,3.9413,3.7442,4.3681,4.902,4.8048
Rubber,Beam,11.68,3.42,86.92,1.7602,0.8994,2.7854,2.4616,1.9717,3.2561,3.0632,2.904,3.7788
Silicone,Beam,13.13,0.76,354.77,10.8413,13.2607,14.4681,17.0306,19.2656,20.774,23.1073,25.3464,27.0573
Rubber,Cylinder,55.32,9.76,270.0,3.038,0.01,0.01,3.1111,0.4813,0.7962,3.2365,1.5636,1.9773
TPU,Cylinder,16.96,8.19,319.49,5.6931,7.1727,5.7996,9.1692,10.4017,9.9257,12.452,13.7216,14.025
Silicone,Beam,36.62,8.54,102.26,1.631,1.2291,0.3886,2.2018,1.8635,1.3526,2.6966,2.5402,2.3837
TPU,Cylinder,30.55,9.39,109.81,2.2879,0.242,0.2411,2.5821,1.2706,1.4064,2.9633,2.1669,2.3605
TPU,Sphere,27.37,0.94,25.54,0.756,0.8843,0.7493,0.7813,1.0118,0.9699,1.0416,1.0316,1.0585
TPU,Sphere,54.99,3.92,164.42,1.0712,0.01,2.8816,1.7532,1.0739,3.1329,2.5842,2.1697,3.485
TPU,Cylinder,11.09,0.8,282.07,8.2503,10.0137,10.7866,12.5915,14.3618,15.2252,17.1441,18.7345,19.8544
Silicone,Sphere,43.19,2.19,429.68,8.0525,8.2972,9.8294,11.1193,11.6741,12.9562,14.1929,14.813,16.0577
Silicone,Cylinder,58.17,2.37,335.13,4.657,3.9829,5.1042,5.6669,5.3998,6.3517,6.7064,6.6617,7.402
TPU,Beam,38.01,4.74,220.52,0.2118,0.101,3.081,1.3875,1.5523,3.6592,2.6876,2.8795,4.2523
TPU,Beam,56.84,2.76,476.79,4.1736,2.6978,5.1894,4.9728,4.0852,5.7835,5.7062,5.237,6.3721
Silicone,Sphere,12.61,1.1,361.03,17.4043,21.1737,23.8615,27.6447,31.2773,34.1024,37.8808,41.4396,44.5139
Silicone,Cylinder,30.94,1.76,465.43,8.9299,9.8378,10.6965,12.378,13.4965,14.392,15.9293,17.0004,18.0483
Silicone,Cylinder,23.01,1.56,266.16,6.6503,7.6086,8.0672,9.4483,10.4115,11.0122,12.2213,13.1614,13.8275
Rubber,Sphere,46.54,9.73,133.16,2.2422,0.01,0.01,2.3296,0.3637,0.7398,2.4856,1.3212,1.6533
Rubber,Beam,59.06,7.62,31.15,0.01,0.6569,0.01,0.01,0.5978,0.01,0.168,0.5292,0.1561
Rubber,Sphere,22.83,9.68,364.41,6.4166,2.7474,3.9268,8.6437,6.2125,7.2162,10.9038,9.6347,10.6863
TPU,Beam,42.71,4.45,65.04,0.01,0.01,1.1633,0.2801,0.0841,1.3384,0.6311,0.4622,1.3127
Rubber,Cylinder,19.9,2.86,154.87,2.657,1.811,3.4674,3.4503,2.8171,4.0004,4.1535,3.7945,4.7237
TPU,Beam,38.27,8.0,268.57,1.8247,3.1136,1.0903,2.9033,3.9202,2.6038,4.0512,4.7384,4.1428
TPU,Sphere,33.2,3.33,284.39,4.1026,2.8221,6.3412,5.9909,5.3131,7.8901,7.8815,7.709,9.3958
Rubber,Cylinder,58.6,3.06,302.29,2.3222,0.8012,3.3547,2.7481,1.543,3.3787,3.0451,2.3238,3.482
TPU,Sphere,40.43,2.4,87.3,1.8877,1.5557,2.0541,2.156,1.9375,2.3636,2.4285,2.3039,2.5466
Rubber,Sphere,27.48,1.38,192.97,3.5194,3.8405,3.6105,4.1115,4.6127,4.4402,4.9712,5.3547,5.4316
Rubber,Beam,15.7,2.64,310.51,5.2114,4.4451,6.4471,6.9409,6.5541,8.1536,8.6218,8.6454,9.8526
Silicone,Sphere,17.56,3.62,485.06,15.6183,16.4763,24.0845,25.8739,27.3691,33.7392,36.0481,38.2796,43.4933
Rubber,Beam,21.27,6.77,365.18,0.9681,5.537,3.6448,3.3349,6.8822,5.7259,5.7651,8.2018,7.7057
Silicone,Cylinder,22.55,0.72,461.69,9.7901,12.0399,12.9706,15.2036,17.2868,18.4856,20.4713,22.5803,24.0812
Rubber,Beam,52.53,2.18,382.29,3.6593,3.029,3.6396,3.7634,3.3517,3.8552,3.9385,3.7627,4.0978
Rubber,Cylinder,38.06,8.11,297.9,1.882,2.7387,0.7056,2.8866,3.5563,2.2321,3.7154,4.2793,3.7181
Silicone,Beam,36.17,1.55,100.05,2.2084,2.3663,2.1614,2.6153,2.7573,2.6901,2.8807,2.9326,3.1151
Silicone,Sphere,15.74,3.49,335.01,12.4101,12.8141,18.7222,20.0565,21.1995,26.25,27.8445,29.5821,33.5456
Rubber,Beam,53.01,8.66,313.57,2.2963,0.9458,0.01,2.7177,1.735,0.8784,2.987,2.3844,2.1371
TPU,Beam,46.14,1.63,303.22,3.6098,3.8887,3.6622,4.255,4.3737,4.2273,4.7436,4.8279,4.8532
Silicone,Cylinder,13.38,0.92,247.44,8.9385,10.7723,11.7305,13.6687,15.4786,16.6642,18.6343,20.2695,21.6961
TPU,Sphere,45.39,4.9,266.69,0.7111,1.0332,4.2564,2.4708,2.9364,5.3741,4.3643,4.8878,6.5096
TPU,Beam,37.18,3.09,170.55,2.0156,0.9198,2.9924,2.5088,1.7468,3.2892,3.0961,2.7181,3.601
TPU,Sphere,14.09,5.68,262.06,4.6653,8.1595,10.2868,9.8315,12.8109,14.7881,14.9991,17.5569,19.2362
Silicone,Beam,32.92,8.06,102.79,1.3128,1.8907,0.7873,2.0209,2.523,1.8001,2.6879,3.0866,2.7631
TPU,Beam,34.23,1.46,403.56,5.0998,5.6976,5.4219,6.3409,6.9382,6.9284,7.6163,8.1564,8.3769
Silicone,Sphere,18.29,5.85,96.96,1.5215,3.6616,4.4121,3.9327,5.6214,6.2851,6.2959,7.5139,8.2822
TPU,Beam,57.28,5.1,47.06,0.01,0.01,0.7934,0.01,0.0779,0.7006,0.2078,0.2258,0.6913
Rubber,Sphere,52.5,1.53,220.94,2.8897,3.0737,2.689,3.1759,3.297,3.0436,3.3883,3.4701,3.46
Rubber,Beam,43.45,6.28,330.86,0.01,2.7386,1.782,0.4507,3.3258,2.6686,1.7641,3.7894,3.4686
Silicone,Cylinder,33.11,2.81,221.67,4.1989,3.4089,5.5559,5.6572,5.3031,6.8894,7.1595,7.1738,8.3607
Rubber,Sphere,30.59,4.93,141.99,0.0189,0.4364,2.519,1.156,1.5606,2.9849,2.2327,2.6128,3.6538
Rubber,Beam,42.55,0.91,281.29,2.4094,3.0519,2.4503,2.9132,3.3191,2.8206,3.1927,3.5495,3.3551
TPU,Beam,37.27,4.65,176.77,0.144,0.01,2.6526,1.2374,1.0497,3.0392,2.1217,2.2184,3.5083
Silicone,Cylinder,13.11,3.13,466.77,16.1981,17.0826,23.5665,25.7025,27.3541,32.7513,35.2889,37.4302,42.0228
TPU,Sphere,35.63,8.24,461.71,5.4886,6.653,4.8583,8.5719,9.6181,8.787,11.6011,12.5669,12.6003
TPU,Beam,50.32,0.66,253.67,2.144,2.7428,2.2668,2.7099,3.1623,2.918,3.1896,3.5418,3.5202
TPU,Cylinder,32.96,4.24,167.3,0.9739,0.1486,3.1552,1.9563,1.5659,3.7012,3.0493,2.9553,4.4382
TPU,Beam,12.6,4.64,369.88,5.4983,6.3349,11.4516,10.4736,11.6224,15.6607,15.6101,17.0211,19.8777
TPU,Sphere,49.31,7.28,23.17,0.01,0.7162,0.01,0.0602,0.7699,0.1658,0.218,0.6337,0.3137
TPU,Beam,20.07,5.79,240.01,0.7504,3.5529,4.4323,3.317,5.4074,6.2617,5.6718,7.3078,8.0922
TPU,Beam,22.93,6.71,171.48,0.3948,3.5786,2.3288,1.9167,4.3606,3.5205,3.486,5.1424,4.7712
Silicone,Beam,18.24,7.79,460.67,8.6522,12.6271,11.3473,14.8039,18.3172,17.8808,20.8889,23.8156,24.3542
Rubber,Beam,26.51,8.64,10.94,0.369,0.0509,0.01,0.3276,0.1081,0.01,0.2372,0.1795,0.1207
TPU,Cylinder,47.84,3.21,278.64,2.8818,1.1744,4.0751,3.4891,2.4903,4.5747,4.341,3.7768,5.2136
TPU,Cylinder,35.97,5.43,371.63,0.3754,2.7706,4.9162,2.9861,4.8353,6.5677,5.5166,6.9811,8.2158
TPU,Sphere,20.24,8.42,245.08,5.3201,5.7414,4.9531,8.0851,8.6508,8.4147,10.7625,11.5565,11.8101
TPU,Cylinder,53.89,9.9,47.27,1.1357,0.01,0.01,1.0834,0.01,0.0159,0.9946,0.2898,0.3505
TPU,Cylinder,53.98,8.91,486.37,4.6498,2.063,1.2682,5.6118,4.0244,3.7256,6.7807,6.0382,6.0664
TPU,Sphere,53.53,3.78,261.42,2.0507,0.5423,4.2552,3.1996,2.2219,4.9282,4.243,3.9325,5.7231
Rubber,Cylinder,21.94,2.03,309.02,4.9571,4.9132,5.5533,6.1794,6.2426,6.9373,7.4663,7.6757,8.1703
Rubber,Cylinder,32.56,4.94,122.12,0.01,0.01,1.7682,0.4041,0.6201,1.9561,1.1872,1.4808,2.3367
TPU,Sphere,59.25,7.44,244.33,0.8116,3.661,1.217,2.0541,4.1377,2.6199,3.1931,4.6969,3.9354
Rubber,Sphere,48.6,4.98,217.43,0.01,0.0827,2.5501,0.9344,1.2431,3.1049,2.0252,2.3992,3.6397
Silicone,Sphere,11.36,4.88,42.07,1.4624,1.8404,3.394,2.9534,3.3956,4.5586,4.5262,4.9793,5.8447
TPU,Beam,13.26,8.4,57.55,1.3818,1.4033,0.8705,2.0718,2.0186,1.5806,2.6137,2.6852,2.6053
Silicone,Beam,33.2,3.68,419.55,4.9605,3.5543,8.4993,7.7655,7.0608,10.875,10.7568,10.7314,13.2966
Silicone,Sphere,55.46,8.61,123.71,2.0345,1.4343,0.7228,2.6608,2.36,1.9115,3.1953,3.1363,3.0612
TPU,Sphere,36.94,4.13,101.5,0.6667,0.0915,2.3706,1.4977,1.0102,2.8449,2.3311,2.0199,3.2368
Rubber,Sphere,34.89,3.35,254.93,2.7442,1.345,4.3825,3.8241,2.9256,5.1394,4.875,4.4308,5.9944
Silicone,Beam,15.27,4.59,385.53,7.5059,8.6496,14.4694,13.8985,15.3164,19.9924,20.29,22.1203,25.5778
TPU,Beam,42.84,7.65,35.66,0.0456,0.7861,0.01,0.1659,0.7685,0.0964,0.3994,0.8416,0.408
Silicone,Cylinder,51.11,1.35,290.52,4.1358,4.9423,4.5307,5.3079,5.901,5.7468,6.4504,6.8805,7.0374
Silicone,Cylinder,29.02,2.04,64.01,2.0008,1.9135,2.0548,2.202,2.2544,2.4082,2.6315,2.6258,2.8512
Silicone,Sphere,48.78,9.52,23.05,0.8713,0.01,0.01,0.8164,0.1297,0.2841,0.9902,0.5527,0.6243
Silicone,Beam,58.22,1.84,31.11,0.9302,0.7564,0.7931,0.8725,0.7949,0.6649,0.6917,0.8206,0.6997
Rubber,Beam,20.19,5.72,417.91,0.705,4.0848,5.5234,3.7324,6.4871,7.6822,6.6874,8.8309,9.7789
Silicone,Beam,36.17,5.84,63.4,0.01,0.8918,1.0128,0.2796,1.2543,1.5326,0.8456,1.5656,1.8761
Silicone,Sphere,24.36,4.95,27.35,0.2042,0.2504,1.1925,0.7537,0.8857,1.587,1.2173,1.362,1.8745
Silicone,Cylinder,49.64,6.48,221.76,0.0541,3.4745,2.3369,1.7822,4.3653,3.7433,3.5303,5.2603,5.1333
Rubber,Sphere,38.88,2.38,422.78,5.3634,4.5363,6.0696,6.5544,6.1204,7.2456,7.7833,7.8076,8.5747
Silicone,Cylinder,41.73,5.57,134.89,0.01,1.3802,2.4195,1.1431,2.3342,3.1398,2.4178,3.2672,3.9443
Silicone,Cylinder,49.9,3.78,213.75,1.9132,0.6705,3.9821,3.2432,2.2359,4.776,4.2738,4.007,5.4593
Rubber,Sphere,29.8,6.65,24.76,0.01,0.8363,0.2386,0.01,0.7707,0.4472,0.2319,0.7616,0.5389
Rubber,Cylinder,55.75,1.5,227.29,2.6196,2.7611,2.2545,2.6226,2.787,2.447,2.7539,2.7268,2.4738
Rubber,Cylinder,36.65,5.75,290.92,0.01,1.9215,2.6432,0.9491,2.8589,3.5463,2.5889,4.0229,4.4289
Silicone,Beam,17.9,1.93,287.6,7.7878,8.616,9.7553,11.062,11.9584,13.0508,14.3514,15.3987,16.5249
Rubber,Cylinder,44.79,2.86,169.55,1.9558,0.8933,2.4207,2.1873,1.3608,2.4282,2.308,1.8116,2.5551
Rubber,Sphere,49.66,2.27,161.19,2.4328,1.9593,2.5353,2.5709,2.2153,2.619,2.7172,2.5356,2.7441
Silicone,Sphere,25.84,1.91,57.78,2.2784,2.2677,2.3555,2.8234,2.8215,2.995,3.4322,3.5705,3.7646
Rubber,Cylinder,52.86,8.27,186.57,1.2403,1.3901,0.01,1.5094,1.6388,0.6438,1.8355,1.9501,1.4575
Silicone,Beam,55.31,2.93,54.25,1.0269,0.3919,1.2788,1.0942,0.5615,1.3037,1.1978,0.9474,1.3468
TPU,Beam,23.85,9.28,384.46,6.1334,2.97,3.3666,8.0705,6.0092,6.6515,9.9606,9.0487,9.9214
Rubber,Cylinder,59.18,9.7,483.31,4.3815,0.01,0.01,4.7321,1.1227,1.6677,5.1166,2.9071,3.5542
TPU,Cylinder,17.04,5.76,485.19,4.8899,9.6647,12.061,10.9553,14.9068,17.0288,17.0738,20.2298,22.2732
Silicone,Sphere,20.1,1.52,433.21,14.2539,16.7933,18.6224,21.6906,24.1718,26.1765,29.043,31.5136,33.7736
Rubber,Cylinder,19.21,3.81,302.39,3.1893,1.8084,6.1288,5.125,4.4477,7.6409,7.2646,7.0441,9.0892
Silicone,Beam,54.7,8.0,351.93,2.5356,3.9901,1.6952,4.0044,5.258,3.8089,5.4511,6.4204,5.8948
TPU,Cylinder,42.71,3.74,146.18,1.1979,0.01,2.5024,1.6839,0.9343,2.8206,2.2778,1.8786,3.1258
Silicone,Sphere,17.61,0.96,317.23,11.3522,13.8891,15.2089,17.7468,20.1263,21.6043,24.131,26.4111,28.1754
Rubber,Sphere,32.02,5.61,230.55,0.01,2.0215,3.1703,1.6144,3.3412,4.3221,3.392,4.6757,5.4227
Rubber,Sphere,40.76,8.47,243.6,2.4392,2.0755,0.8492,3.1393,3.083,2.1784,4.0931,4.0822,3.8329
TPU,Sphere,14.17,7.98,380.1,9.9052,13.2908,12.6256,16.6162,19.6774,19.7458,23.2706,25.9731,26.9584
Silicone,Sphere,54.12,1.83,144.55,2.9262,3.0446,3.1571,3.5849,3.7161,3.8181,4.2343,4.4239,4.486
Rubber,Cylinder,50.18,6.76,162.43,0.01,2.0879,0.5929,0.1157,2.1676,1.1452,0.8847,2.1376,1.6174
TPU,Cylinder,35.26,2.28,462.7,6.2209,5.8756,7.3166,8.0871,7.931,9.0446,9.8039,9.8526,10.8803
Rubber,Cylinder,58.36,2.26,32.83,0.8112,0.5373,0.6782,0.7346,0.5169,0.7003,0.6538,0.5429,0.4304
Rubber,Cylinder,30.89,8.75,245.39,2.8798,1.4976,0.524,3.55,2.6774,2.0888,4.2498,3.8067,3.7092
Silicone,Sphere,59.21,2.57,456.84,6.5514,5.9395,8.2857,8.8876,8.6352,10.5881,11.1403,11.2722,12.7475
Rubber,Beam,43.4,2.71,307.13,2.9408,1.7472,3.5191,3.2854,2.496,3.7954,3.5777,3.1476,3.9168
Silicone,Cylinder,41.73,0.11,275.47,2.8278,3.4554,3.9817,4.663,5.3236,5.7691,6.4982,7.0965,7.6214
Rubber,Beam,18.3,8.72,128.62,2.1075,1.2357,0.4612,2.7281,2.054,1.596,3.2259,2.9347,2.8229
TPU,Cylinder,54.1,7.95,174.92,1.0177,2.0657,0.1919,1.5575,2.4089,1.2033,2.0943,2.6434,2.1446
Rubber,Cylinder,31.37,6.31,426.76,0.01,4.6794,3.7904,2.4808,5.9713,5.5146,4.9243,7.4119,7.2746
Silicone,Beam,18.11,7.53,281.81,4.9128,8.5641,6.9046,8.8153,11.7698,10.8999,12.6718,15.0002,15.1501
Silicone,Sphere,10.63,1.61,259.8,15.2165,18.2166,20.6022,23.8123,26.7157,29.4554,32.6049,35.4643,38.0711
TPU,Cylinder,37.99,4.64,54.29,0.01,0.01,1.1757,0.3047,0.2014,1.1712,0.6183,0.6616,1.287
Rubber,Cylinder,36.37,3.58,12.93,0.1786,0.01,0.4194,0.1302,0.01,0.3671,0.2623,0.0457,0.3876
Rubber,Cylinder,45.97,1.03,482.02,4.0384,4.8064,4.0264,4.9319,5.4947,5.0455,5.7241,6.2752,6.1341
TPU,Beam,54.51,4.91,191.61,0.01,0.01,2.1497,0.4355,0.684,2.2617,1.3011,1.6203,2.7132
Rubber,Sphere,13.97,9.22,303.59,7.5388,5.4287,6.1157,10.8116,9.6186,10.5616,14.0139,13.8748,14.9139
Rubber,Beam,46.57,0.5,44.46,0.5088,0.688,0.4082,0.46,0.5268,0.409,0.4976,0.4949,0.4816
Silicone,Beam,19.37,2.99,343.14,7.8654,7.4033,10.9372,11.6306,11.7101,14.6845,15.5228,16.0444,18.2449
Rubber,Sphere,52.91,2.15,466.62,5.0251,4.5474,5.2205,5.859,5.5687,6.2477,6.6332,6.5567,7.0823
Rubber,Beam,50.95,2.46,289.95,2.8888,1.8887,3.1125,3.0507,2.5071,3.183,3.2187,2.7827,3.2863
TPU,Sphere,37.04,9.09,67.43,1.6572,0.2285,0.1416,1.8111,0.9229,0.8324,1.9391,1.5596,1.5072
TPU,Cylinder,45.51,4.73,292.95,0.4223,0.4469,3.8031,1.9704,2.0769,4.6434,3.5512,3.7424,5.3483
Silicone,Sphere,25.72,4.72,384.34,6.615,7.9287,13.2422,12.5641,14.0541,18.4179,18.6052,20.3902,23.6461
Rubber,Cylinder,33.56,7.63,206.18,0.8125,2.919,0.6296,1.7089,3.2802,1.8196,2.5427,3.7291,2.9516
Rubber,Beam,51.08,1.63,440.52,4.0909,4.1488,3.7815,4.3185,4.4398,4.2074,4.6767,4.7365,4.6306
Rubber,Beam,32.96,4.92,326.1,0.01,0.2838,3.575,1.4667,1.9967,4.3339,3.0463,3.457,5.0094
Silicone,Cylinder,27.89,4.36,450.13,5.6565,5.6414,11.4246,10.4445,10.8758,15.4133,15.2283,16.0625,19.3781
Silicone,Beam,34.71,6.01,313.64,0.7486,4.5074,4.8401,3.6107,6.5562,6.9845,6.4637,8.5008,9.167
TPU,Sphere,51.41,10.0,69.99,1.6029,0.01,0.01,1.5996,0.3239,0.4654,1.7359,0.7981,1.0241
Silicone,Cylinder,26.76,7.72,158.3,2.1708,4.0956,2.6544,3.9805,5.3798,4.5771,5.6389,6.8553,6.4733
Rubber,Beam,18.69,4.04,104.89,0.8068,0.01,2.4248,1.4343,0.9395,2.6728,2.1542,1.8626,2.9162
Rubber,Cylinder,45.6,8.29,454.87,2.9132,3.1325,0.79,3.8786,4.239,2.6456,4.8754,5.2609,4.7747
Silicone,Sphere,51.3,1.79,381.4,6.5848,7.0825,7.6428,8.551,9.2994,9.8398,10.8265,11.4429,12.0645
Rubber,Sphere,15.03,0.4,339.82,6.533,7.9509,8.7412,10.1783,11.5913,12.62,14.0755,15.3359,16.454
Rubber,Beam,21.99,2.12,153.98,2.7949,2.4635,2.9109,3.0668,3.0164,3.2083,3.4439,3.4574,3.5349
Silicone,Sphere,17.1,3.47,96.1,3.4741,2.952,5.5044,5.4621,5.3726,7.3306,7.5236,7.6191,9.0666
Silicone,Cylinder,27.4,5.15,379.44,3.5485,5.5174,9.3582,7.9276,9.8864,12.7737,12.4975,14.1958,16.4082
Rubber,Sphere,32.52,6.19,239.71,0.01,3.2519,2.8933,1.7562,4.247,4.0843,3.542,5.2392,5.4015
Rubber,Cylinder,47.44,9.11,116.77,1.622,0.01,0.01,1.6302,0.478,0.2219,1.733,0.9075,0.9382
Rubber,Cylinder,42.56,5.15,310.23,0.01,0.519,3.0567,0.9004,1.8105,3.6577,2.309,3.0275,4.2875
TPU,Sphere,41.05,5.06,24.97,0.01,0.01,0.5317,0.01,0.1325,0.6846,0.2318,0.4614,0.8175
TPU,Beam,27.62,0.6,166.45,2.0777,2.7181,2.3775,2.8833,3.3187,3.3218,3.777,4.1267,4.216
TPU,Sphere,52.07,0.45,236.94,2.4427,2.8021,2.79,3.3754,3.8126,3.6988,4.3005,4.7021,4.8865
Silicone,Cylinder,33.56,5.56,78.24,0.01,0.9518,1.7953,0.8223,1.7427,2.3209,1.7521,2.4086,2.8579
TPU,Cylinder,58.96,4.44,492.4,1.1527,0.2126,5.2138,2.9214,2.497,6.1525,4.832,4.8007,7.1247
Silicone,Sphere,41.71,8.41,108.5,1.9412,1.9788,1.0521,2.8649,2.8369,2.4168,3.6525,3.7003,3.662
Silicone,Beam,16.31,1.69,69.52,2.5574,2.8884,2.7476,3.3554,3.5986,3.6874,4.1323,4.2205,4.45
TPU,Beam,43.81,0.35,105.75,0.9401,1.0996,0.9707,1.1624,1.3585,1.316,1.5066,1.6982,1.6763
TPU,Cylinder,26.26,4.55,385.69,2.7241,2.7179,7.4331,5.7778,6.1515,9.6679,8.9419,9.4375,11.8875
TPU,Cylinder,44.32,2.45,215.63,3.0763,2.3921,3.3683,3.5056,3.0343,3.8534,4.0211,3.7006,4.2892
Rubber,Beam,13.48,0.59,284.88,4.359,5.358,5.4987,6.4794,7.4064,7.8375,8.6331,9.4304,10.0747
TPU,Sphere,18.74,7.27,15.4,0.0507,0.7989,0.2306,0.294,0.8424,0.4448,0.5687,1.0053,0.7861
Rubber,Cylinder,52.79,1.2,22.04,0.6296,0.6516,0.4741,0.4848,0.4832,0.3442,0.5051,0.4826,0.3092
Silicone,Cylinder,21.36,6.12,225.68,2.3341,5.9764,6.4376,5.8696,8.7991,9.2551,9.3458,11.4836,12.21
Rubber,Beam,51.85,2.88,409.24,3.3302,1.405,4.0448,3.6175,2.3932,4.2438,3.9581,3.332,4.4396
TPU,Sphere,23.96,1.82,443.19,9.3271,10.4063,11.555,13.3054,14.5193,15.5744,17.2111,18.4611,19.7028
Silicone,Beam,42.14,3.86,47.92,0.4315,0.01,1.3028,0.6818,0.281,1.3043,0.9181,0.6916,1.3904
Silicone,Sphere,44.71,8.03,271.49,3.5647,5.1083,3.442,5.7289,7.0888,6.2284,8.0445,9.1294,8.8582
Silicone,Sphere,35.63,3.98,457.05,6.817,6.1195,12.2319,11.6974,11.8016,16.3587,16.4969,17.125,20.5687
Rubber,Sphere,25.27,7.53,197.05,1.5756,3.9115,2.0358,3.0215,4.8611,3.6344,4.4671,5.7192,5.3056
TPU,Cylinder,20.63,1.34,415.64,7.7384,9.0549,9.3255,10.9257,12.2092,12.6607,14.1675,15.2929,16.0657
Silicone,Beam,11.66,7.75,71.18,2.0124,3.3782,2.4403,3.4753,4.5847,4.1434,4.9418,5.9645,5.8633
Silicone,Beam,25.2,2.45,468.02,9.1085,8.9904,11.711,12.9509,13.2348,15.5648,16.6686,17.379,19.2092
Silicone,Sphere,42.66,6.81,376.95,2.9131,8.1032,6.3627,6.7245,10.7573,9.8535,10.5153,13.3888,13.4175
Rubber,Cylinder,56.92,5.7,470.96,0.01,1.9849,3.0379,0.6116,2.9359,3.8689,2.3917,4.1213,4.7115
Rubber,Cylinder,53.56,9.3,339.93,3.35,0.01,0.01,3.6806,1.1627,1.3598,3.8915,2.4841,2.7239
TPU,Beam,48.3,3.93,184.88,0.8744,0.01,2.5983,1.4357,0.6555,2.8901,2.0783,1.682,3.0817
Rubber,Cylinder,49.42,0.76,469.4,3.4582,4.0961,3.4912,4.3055,4.7937,4.4679,5.0736,5.5475,5.4242
Silicone,Cylinder,43.25,0.29,141.41,1.6031,2.0685,2.1043,2.4903,2.8337,2.9284,3.2868,3.629,3.8402
TPU,Sphere,23.01,8.29,169.43,3.1971,3.7941,2.7475,4.9639,5.4887,4.9849,6.6217,7.1251,7.0915
Silicone,Cylinder,55.36,5.29,351.9,0.3228,2.168,4.7699,2.84,4.197,6.2632,5.0931,6.3673,7.6274
Silicone,Sphere,43.54,7.77,383.83,4.6412,7.6555,5.5737,7.9666,10.4024,9.2315,11.2863,13.2053,13.0034
Rubber,Beam,38.02,2.42,465.05,4.6689,3.7752,5.1112,5.2411,4.674,5.7489,6.0025,5.7847,6.4058
TPU,Cylinder,15.55,3.52,106.38,2.2766,1.4611,3.7914,3.3309,3.0242,4.6756,4.6005,4.5586,5.6414
Rubber,Beam,32.35,0.4,400.01,2.7735,3.5684,3.4495,4.0003,4.5985,4.4752,5.244,5.6292,5.8979
Rubber,Beam,33.02,9.62,370.58,4.2481,0.177,0.6675,4.9269,2.0013,2.4578,5.5249,3.9469,4.3787
TPU,Cylinder,53.23,6.71,36.58,0.01,0.8416,0.1099,0.01,0.8,0.3115,0.1982,0.7688,0.4797
Silicone,Cylinder,37.33,9.34,196.68,3.8176,1.3489,1.6626,4.8796,3.274,3.6083,5.8749,5.1313,5.5785
Silicone,Beam,29.02,2.73,144.97,3.0674,2.3406,3.8451,3.913,3.531,4.597,4.7221,4.6419,5.376
TPU,Cylinder,58.84,6.15,155.72,0.01,1.5178,1.1215,0.0891,1.8752,1.672,0.8667,2.1623,2.0475
Silicone,Sphere,15.54,6.82,491.56,15.0324,23.5195,24.4027,27.4192,34.7083,36.5346,39.8261,45.8675,48.4806
TPU,Sphere,31.13,3.24,323.17,4.9496,3.7097,7.4699,7.2411,6.5806,9.3892,9.5101,9.3044,11.334
TPU,Cylinder,12.1,8.5,360.25,9.2392,10.1155,9.959,14.5327,15.5956,16.105,19.8106,21.2093,22.3439
Rubber,Beam,47.0,9.48,488.43,4.4417,0.01,0.1068,4.9067,1.6625,2.032,5.3867,3.435,3.9572
TPU,Cylinder,55.9,8.86,191.71,2.244,0.5994,0.01,2.5058,1.3906,1.0217,2.867,2.2545,2.2244
Rubber,Cylinder,24.0,7.42,401.91,2.3265,6.2023,3.6095,4.6858,7.7228,5.9747,7.1994,9.3601,8.5722
Silicone,Beam,52.92,2.85,220.09,2.9036,1.7187,3.6677,3.5132,2.7751,4.1838,4.1113,3.7665,4.7786
Silicone,Beam,24.61,2.89,435.42,8.1061,7.5481,11.2177,11.9159,11.8113,14.8246,15.6515,16.0432,18.3174
Silicone,Sphere,55.54,9.64,94.43,2.2221,0.01,0.3112,2.4409,1.0508,1.3387,2.7444,2.0023,2.2134
Silicone,Beam,47.7,0.2,474.1,3.8716,4.8693,5.2992,6.1714,7.0439,7.6641,8.492,9.2729,10.0739
Rubber,Sphere,50.25,7.19,113.29,0.01,1.96,0.3513,0.5357,1.9573,0.9018,1.1133,2.0976,1.396
Silicone,Beam,10.9,7.09,166.48,4.3557,8.0701,7.2027,8.3344,11.3562,11.1542,12.1624,14.5306,15.0148
TPU,Cylinder,58.14,6.26,379.32,0.01,3.4811,2.5386,1.1527,4.3511,3.8402,3.0898,5.2595,5.0346
TPU,Sphere,46.33,9.9,199.91,3.3691,0.1819,0.8882,4.0365,1.7846,2.341,4.6455,3.3436,3.8366
TPU,Sphere,25.24,3.19,306.06,5.6796,4.5861,8.311,8.3807,7.961,10.7925,11.0054,11.1524,13.0853
Rubber,Sphere,51.47,3.47,225.06,1.6303,0.2946,3.1859,2.3857,1.3062,3.5055,2.9943,2.4653,3.7375
Silicone,Cylinder,24.08,0.88,372.47,7.9694,9.6267,10.0925,11.8037,13.3374,14.2074,15.7477,17.2735,18.1578
Silicone,Cylinder,53.64,4.48,118.02,0.2394,0.01,2.3126,1.0216,0.784,2.4917,1.8344,1.8516,2.8663
Silicone,Cylinder,15.63,2.68,33.94,1.5379,1.2377,1.8597,1.9736,1.8701,2.2742,2.3877,2.29,2.6401
Rubber,Cylinder,45.18,3.5,153.47,1.2022,0.01,2.2619,1.4469,0.5389,2.2425,1.7827,1.2536,2.3331
TPU,Cylinder,37.03,8.36,239.78,2.6141,2.5312,1.0584,3.6113,3.6412,2.8041,4.6203,4.7662,4.385
TPU,Sphere,14.83,9.36,88.17,3.2985,1.9115,2.1239,4.5467,3.5206,4.0262,5.6626,5.2118,5.7372
Silicone,Cylinder,22.09,1.94,180.62,5.0279,5.4757,6.0758,6.9104,7.4024,7.9111,8.7256,9.3136,9.822
TPU,Sphere,10.62,3.79,202.99,7.0279,7.0547,11.4841,11.8898,12.236,15.905,16.561,17.4062,20.2409
TPU,Cylinder,33.44,9.29,33.41,0.9401,0.01,0.01,0.9451,0.1988,0.0985,0.8677,0.4588,0.4363
Rubber,Beam,25.06,0.71,293.74,3.009,3.8279,3.4654,4.076,4.6789,4.647,5.0757,5.6435,5.6428
Rubber,Sphere,39.92,1.01,442.75,4.758,5.6566,5.2256,6.2674,7.0255,6.7105,7.6978,8.2427,8.4124
Rubber,Beam,24.86,1.71,80.11,1.65,1.6128,1.4338,1.8085,1.7388,1.6618,1.7871,1.7533,1.7759
Rubber,Sphere,25.0,5.99,300.91,0.7591,4.456,4.7362,3.5854,6.2794,6.783,6.1568,8.2525,8.6982
Silicone,Beam,47.16,1.59,334.05,4.741,5.1742,5.0349,5.8703,6.2826,6.3028,6.9771,7.4339,7.4496
Rubber,Cylinder,12.41,9.68,212.57,5.1224,2.3285,3.1987,6.934,5.0543,5.8889,8.6844,7.8042,8.7112
TPU,Cylinder,55.14,4.52,352.04,0.5932,0.01,4.1362,2.1141,1.7185,4.735,3.654,3.5186,5.4876
Silicone,Cylinder,52.61,5.07,208.31,0.01,0.9024,3.2089,1.696,2.2924,4.1353,3.1037,3.7611,4.8513
TPU,Sphere,43.39,2.54,254.8,3.9142,3.2831,4.7589,4.9838,4.4721,5.7412,5.924,5.7915,6.6801
TPU,Beam,39.66,4.76,8.64,0.01,0.01,0.2334,0.01,0.01,0.3096,0.01,0.0589,0.196
TPU,Cylinder,54.62,6.65,347.4,0.01,3.9618,2.0696,1.3895,4.6711,3.5164,3.2089,5.3026,4.7347
Rubber,Beam,19.27,7.54,332.36,2.1156,5.4604,2.9869,4.2921,6.8641,5.1747,6.4027,8.23,7.5118
Rubber,Beam,13.95,7.56,24.01,0.092,0.8554,0.0953,0.4054,0.8929,0.3089,0.705,0.9335,0.6422
Silicone,Cylinder,21.98,5.82,187.28,1.738,4.4603,5.3738,4.5813,6.7962,7.654,7.3978,9.104,9.9383
Silicone,Cylinder,49.73,9.05,489.62,6.3213,3.6461,3.4554,8.5563,6.6634,6.9919,10.7537,9.7922,10.5395
Rubber,Beam,11.73,8.19,213.26,3.456,4.3669,3.0772,5.3799,6.1223,5.4558,7.2414,7.9902,8.0119
TPU,Cylinder,39.14,7.59,253.46,1.3995,3.8356,1.4445,2.6202,4.4742,3.0775,3.9088,5.3071,4.5375
Silicone,Cylinder,59.77,0.65,455.42,4.4578,5.3735,5.3065,6.2557,7.1943,7.2241,8.0363,8.8132,9.0627
Rubber,Cylinder,52.78,0.17,360.04,1.5989,2.0037,2.0837,2.4354,2.7599,2.8877,3.2989,3.5903,3.7354
Rubber,Sphere,36.07,2.2,293.12,4.2329,3.827,4.5705,5.1045,4.9723,5.5064,5.9202,6.0079,6.4742
Rubber,Beam,13.18,6.67,399.91,2.9091,8.1668,6.7996,6.7323,10.8206,10.377,10.7142,13.7794,13.9288
TPU,Beam,51.57,4.17,432.86,1.4461,0.01,4.9271,2.8964,2.0729,5.5147,4.4469,4.0486,6.2551
Rubber,Sphere,39.95,4.08,231.16,1.2161,0.0226,3.6533,2.2879,1.5505,4.152,3.4048,3.1257,4.6676
Rubber,Beam,15.75,8.86,240.18,3.9026,2.4409,1.982,5.1543,4.3718,4.2277,6.5644,6.247,6.4941
Rubber,Cylinder,14.69,8.97,196.1,3.9726,2.4866,2.2682,5.3697,4.3088,4.4639,6.668,6.2691,6.5794
Rubber,Beam,55.48,9.1,483.52,3.8527,0.2679,0.01,4.1813,1.7177,1.4037,4.568,3.0585,3.0642
Silicone,Cylinder,43.46,3.21,350.1,4.5442,3.1301,6.7244,6.5311,5.6762,8.4602,8.3561,8.0935,10.1843
Silicone,Sphere,51.46,6.94,46.2,0.01,1.345,0.4711,0.3612,1.4383,0.884,0.9314,1.5626,1.2564
Rubber,Cylinder,53.95,2.79,432.17,3.647,2.0228,4.447,4.1781,2.9897,4.7379,4.6776,3.9651,5.1122
TPU,Beam,38.59,1.99,242.88,3.4897,3.2674,3.5796,3.9295,3.8287,4.1339,4.3397,4.487,4.7028
Silicone,Beam,35.87,1.93,39.03,1.1472,1.1414,1.1466,1.208,1.1997,1.1552,1.2929,1.3227,1.299
Rubber,Beam,31.52,3.49,277.11,2.1555,0.3835,3.8752,3.0011,1.812,4.2468,3.6649,3.1472,4.7596
Silicone,Sphere,25.85,4.36,211.5,3.7431,3.6888,7.6805,7.0473,7.2114,10.3643,10.2039,10.8087,13.1344
Silicone,Sphere,31.73,8.33,439.49,8.4551,9.8856,9.0404,13.3767,14.9136,14.7592,18.3469,19.9496,20.5733
TPU,Beam,48.69,1.29,105.98,1.672,1.8406,1.4507,1.7824,1.726,1.5691,1.6904,1.8167,1.746
Rubber,Cylinder,40.1,7.38,414.1,0.9518,4.8309,1.7475,2.545,5.5007,3.498,4.3072,6.135,5.1795
Rubber,Sphere,54.63,5.36,281.06,0.01,0.9288,2.7113,0.7244,2.0653,3.327,2.1934,3.1176,4.0157
TPU,Beam,32.17,2.95,32.03,0.8584,0.1346,0.9598,0.8617,0.329,0.8723,0.8675,0.5392,0.9021
TPU,Beam,40.35,4.98,486.06,0.601,1.4556,5.5403,3.048,4.0795,6.9158,5.6377,6.4683,8.3764
Rubber,Sphere,41.57,3.07,258.74,2.9539,1.4934,3.9293,3.5575,2.726,4.4626,4.3879,3.8996,5.1046
Rubber,Sphere,39.58,6.0,148.98,0.01,1.5908,1.6326,0.4629,2.1285,2.2116,1.5911,2.6049,2.7273
TPU,Sphere,45.13,4.4,237.36,1.1888,0.4613,4.1113,2.5481,2.332,4.9094,4.1998,4.2128,5.8439
Silicone,Cylinder,21.87,1.73,429.64,10.6167,12.1524,13.3927,15.3608,17.0435,18.29,20.3273,21.8999,23.3126
Silicone,Cylinder,35.62,1.25,155.93,3.117,3.6568,3.2715,4.0811,4.4584,4.3835,4.8506,5.2795,5.3932
TPU,Beam,15.21,5.51,100.37,0.2974,1.5841,2.7268,1.6522,2.6309,3.5809,3.012,3.9632,4.5234
Silicone,Sphere,29.23,9.03,68.89,2.1545,1.0568,0.9332,2.917,2.2137,2.1675,3.476,3.1191,3.3335
TPU,Cylinder,34.38,3.51,152.44,1.692,0.4791,3.1872,2.3734,1.6446,3.4796,3.1363,2.7596,3.8761
Silicone,Sphere,42.61,7.36,391.12,3.9322,8.3816,6.2856,7.6613,11.1894,9.9472,11.3295,14.0061,13.7692
Silicone,Beam,57.53,6.62,238.46,0.01,3.3468,1.7645,1.231,3.8422,2.8612,2.6583,4.3965,3.9955
Rubber,Cylinder,40.03,9.32,117.6,1.8739,0.01,0.01,1.9282,0.3826,0.3714,1.8896,1.107,1.2037
Rubber,Cylinder,47.18,8.23,87.26,0.6459,0.8053,0.01,0.8453,1.0276,0.1732,1.0081,1.0974,0.7272
Silicone,Cylinder,35.31,5.71,169.7,0.2753,2.3784,3.2176,2.0318,3.7643,4.3815,3.7814,5.1528,5.7104
Silicone,Beam,41.71,6.6,470.26,1.5826,6.9743,5.3348,4.902,9.0997,8.1624,8.2943,11.1221,10.9977
Rubber,Sphere,13.55,8.99,174.8,4.6323,3.3188,3.4013,6.594,5.7033,6.0568,8.4129,8.2321,8.7855
Rubber,Cylinder,22.72,4.06,494.12,3.7908,2.6193,8.1866,6.7969,6.085,10.3133,9.6559,9.6646,12.5373
Rubber,Beam,28.09,3.34,245.19,2.3925,0.8383,3.6879,3.055,2.0615,4.1837,3.769,3.2657,4.6597
TPU,Sphere,33.62,0.21,93.69,1.1934,1.5277,1.6,1.8066,2.1551,2.2741,2.4365,2.8132,2.8794
Silicone,Beam,12.28,8.28,446.11,13.5054,16.3271,16.5647,22.0523,24.8545,25.9737,30.6236,33.4199,35.2606
Rubber,Sphere,17.0,8.03,232.88,3.7265,5.2242,3.7124,6.0015,7.4276,6.6731,8.4399,9.4154,9.4077
Silicone,Beam,23.84,1.13,356.29,7.168,8.5045,8.6737,10.244,11.4689,11.8786,13.3798,14.4965,15.1697
TPU,Sphere,58.58,5.81,491.94,0.1191,3.9831,5.0731,3.0443,6.0399,6.8925,5.9243,8.1012,8.8244
TPU,Cylinder,26.57,4.69,29.84,0.01,0.01,0.8436,0.2089,0.1628,1.0032,0.6171,0.5025,1.0494
Rubber,Sphere,34.1,1.28,52.86,1.1595,1.2513,0.9461,1.345,1.286,1.075,1.3679,1.342,1.3087
TPU,Beam,19.8,9.81,361.63,6.6812,3.0359,4.2293,9.0908,6.5701,7.698,11.266,10.1313,11.2671
Silicone,Beam,40.54,2.23,144.5,2.7187,2.4347,2.9266,3.2466,3.0099,3.4355,3.7,3.661,3.9746
Rubber,Sphere,24.03,0.77,96.23,1.78,2.1518,1.8837,2.2902,2.638,2.5516,2.6515,2.9832,3.1272
Silicone,Cylinder,20.35,5.99,24.48,0.01,0.7417,0.7837,0.3078,1.0454,1.0574,0.8905,1.3735,1.4537
Silicone,Cylinder,35.83,7.41,15.81,0.01,0.6266,0.121,0.1538,0.6845,0.2836,0.3499,0.664,0.4122
TPU,Sphere,10.28,0.42,388.37,14.4766,17.8244,20.3824,23.7881,26.9334,29.6989,33.0322,36.1529,39.0749
TPU,Sphere,10.38,6.62,71.54,1.4169,3.8865,3.4264,3.5035,5.4009,5.1972,5.4573,6.7498,7.1354
TPU,Beam,20.95,5.37,236.52,0.8295,2.5937,4.5354,3.1565,4.5387,6.2828,5.3994,6.5663,7.7699
TPU,Cylinder,11.84,1.12,304.92,8.7453,10.5853,11.1347,13.1763,14.7775,15.7209,17.4374,19.0747,20.1395
TPU,Sphere,15.4,1.81,217.03,6.8704,7.9578,8.6712,10.0551,11.0702,11.8305,13.0389,14.014,14.9726
Rubber,Cylinder,26.94,5.72,18.42,0.01,0.1409,0.4054,0.01,0.2359,0.3931,0.01,0.3089,0.4833
Silicone,Sphere,50.13,3.03,392.83,5.9132,4.599,8.3934,8.4166,7.8252,10.6208,10.9979,10.8868,12.7616
Silicone,Sphere,38.6,9.39,10.2,0.4689,0.01,0.01,0.5639,0.1075,0.1811,0.5813,0.2734,0.3279
Silicone,Cylinder,35.63,8.21,382.14,5.1022,6.2751,4.6688,7.8453,8.9837,8.2943,10.7029,11.853,11.7549
Silicone,Sphere,24.67,9.84,447.19,12.5888,9.6441,12.1302,18.637,17.1316,19.5753,24.7382,24.5484,27.1865
TPU,Sphere,56.59,2.67,219.26,3.0435,2.0932,3.5426,3.6075,2.9705,4.1734,4.1162,3.8376,4.5489
Silicone,Beam,29.85,9.7,270.09,5.1493,2.003,2.8687,6.877,4.7499,5.554,8.5007,7.5084,8.3399
Rubber,Sphere,14.35,4.37,241.11,3.5196,3.4748,7.5631,6.6255,6.968,10.0943,9.7959,10.352,12.6047
Rubber,Sphere,40.85,3.54,197.66,1.7448,0.3116,3.3075,2.3911,1.496,3.575,3.1605,2.7668,4.0622
Silicone,Sphere,15.69,0.6,444.28,16.5515,20.393,23.0257,26.8675,30.6631,33.5398,37.2234,40.7385,43.9166
Silicone,Beam,27.26,0.62,447.5,7.0097,8.5702,9.053,10.6835,12.151,12.7724,14.2486,15.6924,16.4802
Rubber,Cylinder,35.37,6.95,171.23,0.01,2.6515,0.8018,0.6774,2.8968,1.6039,1.7697,3.016,2.4292
Rubber,Beam,53.71,4.63,309.46,0.01,0.01,2.7739,0.6793,0.4338,3.0261,1.6424,1.6212,3.176
TPU,Beam,34.68,2.34,463.82,5.8175,5.1838,6.7043,7.2199,7.0431,8.2185,8.6888,8.6824,9.6844
Rubber,Cylinder,45.11,6.18,481.22,0.01,3.7611,2.9982,1.3351,4.7865,4.5137,3.5198,5.814,5.8255
TPU,Beam,59.64,2.6,256.93,2.8114,1.6686,3.0555,3.0783,2.3213,3.2142,3.2963,2.7535,3.4254
TPU,Cylinder,16.57,5.82,229.15,1.8781,4.8044,5.7823,4.9654,7.4162,8.3998,7.9924,9.7845,10.7491
TPU,Beam,23.74,3.66,142.95,1.7895,0.6834,3.2772,2.6634,1.8786,3.8465,3.5191,3.2461,4.4698
TPU,Cylinder,29.73,8.25,479.64,5.2591,6.2485,4.355,8.0211,9.0838,8.172,10.8568,11.7167,11.6902
TPU,Sphere,31.09,8.22,75.69,1.186,1.447,0.582,1.832,1.9618,1.3967,2.2158,2.475,2.2555
Silicone,Beam,30.55,4.83,292.02,1.9308,2.4716,6.1093,4.6002,5.1389,8.0181,7.184,7.9199,9.9208
Rubber,Beam,55.38,3.57,144.86,0.9129,0.01,1.9148,1.0198,0.0202,1.7805,1.2578,0.6345,1.7483
TPU,Beam,45.7,3.69,143.11,0.9505,0.01,2.2208,1.4088,0.5878,2.412,1.95,1.4521,2.4881
Rubber,Beam,40.4,8.08,205.46,1.2111,1.8293,0.069,1.6989,2.2649,0.9227,2.0474,2.5453,1.9809
Rubber,Sphere,25.47,3.35,499.4,6.246,4.7642,9.6657,9.3555,8.4493,12.2569,12.3682,12.3699,15.0366
TPU,Beam,51.19,2.17,32.21,0.8314,0.7241,0.7187,0.743,0.6209,0.6655,0.6244,0.6372,0.5924
Silicone,Sphere,57.75,0.94,291.38,4.1489,5.1547,4.7467,5.7372,6.5435,6.5133,7.2801,7.879,8.0398
TPU,Sphere,51.06,4.72,45.87,0.01,0.01,0.9831,0.1425,0.0502,0.9797,0.5667,0.6041,1.2087
Silicone,Sphere,10.08,4.87,81.49,3.5726,4.5035,7.0065,6.7744,7.78,9.9303,10.0093,11.0346,12.6517
Rubber,Sphere,41.82,8.42,222.58,2.281,1.9214,0.5378,2.9604,2.8142,1.942,3.728,3.5782,3.326
Silicone,Cylinder,12.56,2.29,257.68,10.4021,11.4226,13.7204,15.6385,16.8684,19.0701,20.8254,22.2731,24.3236
Silicone,Cylinder,22.88,3.87,133.1,2.4004,1.61,4.6484,4.0903,3.7449,5.9243,5.739,5.653,7.1535
Silicone,Beam,12.98,8.1,161.65,4.6849,6.0268,5.1309,7.6242,8.8403,8.6511,10.541,11.6186,11.9875
Rubber,Cylinder,40.19,8.25,48.05,0.5516,0.4776,0.01,0.5474,0.5943,0.0644,0.6282,0.6985,0.3698
Rubber,Cylinder,44.33,3.91,155.09,0.6927,0.01,2.2609,1.1108,0.3907,2.2807,1.5728,1.2225,2.4419
Silicone,Beam,15.72,4.65,483.45,9.1215,10.7055,17.3837,17.0412,18.8302,24.2845,24.742,26.9481,31.0652
Silicone,Beam,29.19,3.1,472.63,7.3444,6.3268,10.5687,10.8273,10.373,13.6892,14.2056,14.3515,16.8994
TPU,Beam,32.81,9.33,170.76,2.8012,0.2979,0.4169,3.1342,1.6063,1.5825,3.621,2.5769,2.8498
Silicone,Cylinder,28.45,1.27,287.57,6.0063,7.074,7.0835,8.3488,9.3523,9.5625,10.6303,11.6942,12.1382
TPU,Cylinder,16.05,9.34,455.25,10.2462,7.5445,8.9214,14.9386,13.4465,14.9913,19.5422,19.3437,21.1128
Silicone,Beam,30.95,6.87,8.06,0.01,0.4344,0.1012,0.01,0.4687,0.231,0.1878,0.3537,0.326
TPU,Sphere,47.56,5.36,406.29,0.6283,2.8694,5.5758,3.4057,5.3174,7.3053,6.2471,7.724,9.1914
Rubber,Beam,13.55,0.42,474.44,6.6621,8.203,8.7589,10.4189,11.8109,12.6912,13.9901,15.3916,16.3563
Silicone,Sphere,14.01,4.81,50.21,1.2372,1.6914,3.3705,2.7685,3.2121,4.5573,4.3114,4.8383,5.7138
Silicone,Sphere,27.74,4.14,84.92,1.5172,0.9654,3.2396,2.6638,2.4752,4.1444,3.8384,3.8203,5.024
Silicone,Beam,57.09,1.7,480.57,5.7704,6.07,6.0765,7.1077,7.4378,7.5801,8.4268,8.6824,8.9335
Silicone,Beam,43.43,6.6,271.08,0.3679,4.2727,2.86,2.3718,5.2625,4.4793,4.2641,6.4445,6.0692
TPU,Beam,43.93,9.71,12.03,0.5431,0.01,0.01,0.4817,0.01,0.01,0.3665,0.01,0.0904
Silicone,Cylinder,28.1,5.67,132.53,0.4691,2.3003,3.1717,2.101,3.5269,4.3178,3.888,4.9854,5.5492
Rubber,Sphere,39.68,7.18,227.72,0.4313,3.5827,1.4221,1.7231,4.1047,2.5697,3.0352,4.5592,3.7565
Rubber,Cylinder,10.51,0.78,347.99,7.625,9.3634,10.019,11.67,13.2586,14.0722,15.6334,17.1787,18.089
Silicone,Cylinder,41.8,4.23,367.91,3.0151,2.2223,6.95,5.5442,5.3457,8.9609,8.1866,8.3827,10.8656
Rubber,Beam,55.66,1.25,497.73,3.9684,4.3651,3.5628,4.3094,4.6764,4.1881,4.6487,4.9082,4.5672
Silicone,Cylinder,40.63,6.17,147.32,0.01,2.5029,2.1972,1.313,3.3729,3.1842,2.8415,4.1299,4.1969
Silicone,Beam,53.68,9.39,271.42,3.7099,0.6179,0.8624,4.4372,2.2335,2.6537,5.1505,3.8949,4.3392
Rubber,Sphere,46.2,6.65,269.0,0.01,3.5831,1.9176,1.2186,4.0603,3.0149,2.6306,4.5584,4.083
Silicone,Beam,16.03,0.86,205.79,5.6253,6.8708,7.1644,8.4354,9.5536,10.0452,11.2341,12.3441,12.9737
Rubber,Cylinder,55.12,3.61,88.74,0.6188,0.01,1.321,0.7514,0.0512,1.4005,0.7931,0.4297,1.2514
TPU,Cylinder,13.32,5.55,488.84,7.2267,11.7761,15.3402,14.7592,18.7261,22.0335,22.3616,25.8641,28.5905
Silicone,Beam,36.7,4.09,427.39,3.5895,2.5553,8.0246,6.6722,6.0891,10.1436,9.5602,9.6137,12.2228
TPU,Beam,17.11,8.35,251.67,4.2967,4.6504,3.4958,6.3265,6.8252,6.4612,8.5716,9.1452,9.2253
Rubber,Cylinder,10.59,8.17,303.61,5.976,7.6983,6.5223,9.5918,11.097,10.7312,13.2266,14.5936,14.8304
TPU,Sphere,31.1,6.16,117.49,0.0114,2.2996,2.0369,1.3139,3.1571,2.8816,2.6768,3.796,3.9488
TPU,Sphere,24.75,3.8,274.17,4.2541,3.2445,7.4995,6.8848,6.5199,9.7843,9.7407,9.8205,12.0625
Rubber,Beam,34.3,2.63,349.01,3.7856,2.5503,4.3976,4.2953,3.5718,4.8118,4.9782,4.6004,5.5384
TPU,Sphere,38.86,1.15,260.01,4.0865,4.8847,4.5054,5.3281,5.8273,5.8556,6.4856,7.0945,7.1858
TPU,Cylinder,12.19,3.61,495.19,11.7381,11.6847,18.4519,19.1979,19.7387,25.2983,26.4917,28.0281,32.1499
Rubber,Beam,16.15,4.19,307.61,2.6323,1.7796,6.1557,4.935,4.4956,7.7538,7.2216,7.2383,9.4131
TPU,Cylinder,37.93,6.79,188.63,0.01,3.2029,1.6496,1.291,3.6449,2.5959,2.5815,4.0997,3.6957
Rubber,Cylinder,27.16,6.62,387.22,0.4739,5.2747,3.6485,2.9581,6.6692,5.5558,5.5034,7.8879,7.606
TPU,Sphere,46.46,0.79,89.38,1.3636,1.7355,1.4657,1.7289,1.9545,1.7483,1.9388,2.2223,2.1482
Rubber,Beam,42.61,4.01,195.34,0.6145,0.01,2.4193,1.1964,0.3527,2.5295,1.7083,1.3433,2.6041
Rubber,Beam,52.28,1.9,176.74,2.2375,1.9914,2.0167,2.2196,2.0464,1.9837,2.1877,2.1427,1.9868
TPU,Sphere,44.62,1.65,218.74,3.5959,3.8079,3.73,4.4358,4.6072,4.6417,5.0765,5.361,5.5154
TPU,Cylinder,31.5,8.29,391.98,4.3415,4.8762,3.1237,6.3045,6.9635,6.0161,8.5096,9.1493,8.8687
TPU,Cylinder,43.65,0.51,244.67,2.376,2.7967,2.638,3.1366,3.5811,3.6267,4.0037,4.3673,4.4669
Silicone,Cylinder,23.77,4.25,398.04,6.1273,5.9797,11.7165,11.0775,11.446,15.8985,15.907,16.7333,20.0621
Silicone,Cylinder,25.32,1.77,290.36,6.8824,7.6183,8.138,9.4298,10.2868,11.0501,12.0991,12.9107,13.7296
Silicone,Beam,49.45,8.81,174.32,2.3914,1.1557,0.5038,2.9262,2.0976,1.704,3.5065,3.0565,2.8188
Rubber,Beam,32.32,5.61,405.94,0.01,2.2274,3.6582,1.5267,3.716,5.0191,3.7532,5.2915,6.1429
TPU,Sphere,49.92,2.39,122.95,2.2708,1.7955,2.3952,2.4317,2.1171,2.6977,2.7904,2.6415,2.9389
Rubber,Sphere,51.12,5.07,116.07,0.01,0.01,1.4605,0.1391,0.5413,1.7683,0.7966,1.1513,1.8131
Silicone,Beam,52.88,7.34,254.73,0.8158,3.8605,1.5727,2.2645,4.5096,2.9857,3.6741,5.241,4.5012
TPU,Beam,55.83,9.59,134.12,2.0997,0.01,0.01,2.0461,0.1683,0.3298,2.0,1.0755,1.1197
Rubber,Cylinder,31.55,2.28,9.5,0.4758,0.272,0.4485,0.4234,0.2016,0.3164,0.4077,0.2002,0.2217
TPU,Cylinder,25.94,8.87,325.91,4.9995,3.4559,3.076,7.0811,6.0135,6.1742,8.8672,8.4743,9.0141
Rubber,Sphere,39.11,9.35,257.99,3.5792,0.5925,0.7977,4.2403,2.1752,2.4005,4.9202,3.7586,4.1129
TPU,Beam,28.56,9.17,225.53,3.4938,1.1552,1.1351,4.491,2.7248,2.8118,5.2608,4.377,4.5971
Silicone,Sphere,40.05,6.39,483.65,3.8742,9.8033,9.4088,9.1036,13.8862,14.0658,14.2932,17.7892,18.5304
Silicone,Beam,45.28,6.34,287.74,0.1872,3.9573,3.2027,2.2051,5.174,4.7366,4.2915,6.3759,6.2293
TPU,Cylinder,44.42,4.09,432.4,2.2817,0.792,5.8666,4.1633,3.4991,7.0272,6.1745,5.8432,8.2725
Rubber,Sphere,28.73,7.55,74.03,0.3112,1.7292,0.4472,0.9296,1.9314,0.9983,1.3111,2.115,1.59
Silicone,Sphere,18.34,5.36,286.76,6.4411,9.6541,13.234,12.8319,15.6548,18.8177,19.2789,21.7752,24.3598
Silicone,Beam,31.53,6.81,434.65,2.8118,8.247,6.446,6.6303,10.873,9.9965,10.4794,13.4977,13.4552
Silicone,Cylinder,17.13,4.34,293.64,6.2267,6.5421,11.6503,11.2381,11.9348,16.0787,16.3311,17.2875,20.4534
TPU,Sphere,54.5,7.34,360.42,1.3717,5.1427,2.4917,3.3023,6.1327,4.4142,5.1822,7.2214,6.4233
TPU,Cylinder,27.29,8.26,189.16,2.4677,2.879,1.496,3.6088,3.9984,3.1481,4.6812,5.109,4.9165
Rubber,Sphere,17.72,1.55,50.76,1.6816,1.8008,1.4545,1.8507,1.9593,1.725,2.1186,2.2665,2.2631
Rubber,Cylinder,11.27,8.35,231.66,4.6787,5.3053,4.3103,7.1347,7.8215,7.3841,9.6259,10.3788,10.6173
Rubber,Beam,42.29,5.45,200.27,0.01,0.5344,1.7042,0.079,1.0418,2.0604,0.9984,1.748,2.514
TPU,Sphere,41.85,8.46,434.19,4.9858,4.9426,3.4683,7.2634,7.4682,6.7092,9.518,9.9268,9.9112
TPU,Sphere,27.03,4.37,125.78,1.1737,0.846,3.4413,2.4886,2.2051,4.2797,3.6644,3.8381,5.1461
Rubber,Cylinder,13.59,3.85,483.53,6.9165,6.0032,11.9998,11.5004,11.3033,16.1893,16.1671,16.7049,20.0296
Rubber,Cylinder,30.48,9.16,479.28,5.4492,2.1107,2.0314,6.8424,4.5714,4.8493,8.2976,7.1963,7.6514
TPU,Sphere,25.56,2.59,127.58,3.1151,2.7223,3.7859,3.9425,3.7613,4.619,4.9056,4.8308,5.5665
Rubber,Beam,43.86,8.46,177.29,1.4155,0.8636,0.01,1.7991,1.3908,0.5807,1.9656,1.8178,1.3756
Silicone,Cylinder,40.29,4.89,448.3,2.6314,3.5792,8.0676,6.2985,7.2959,10.7537,9.8647,10.8658,13.4027
TPU,Cylinder,28.23,5.19,483.48,2.1344,4.3516,7.9236,6.0888,7.9615,10.7788,9.8331,11.5654,13.7761
Rubber,Cylinder,20.89,3.15,224.5,3.1005,1.9833,4.5913,4.3902,3.5466,5.5036,5.383,5.1369,6.4065
TPU,Sphere,59.4,5.77,163.89,0.01,1.4567,1.8268,0.4989,1.9908,2.41,1.5885,2.516,2.8681
Silicone,Sphere,32.7,3.32,265.42,5.361,4.4718,8.1851,8.1634,7.8031,10.714,10.9456,11.0768,13.1361
TPU,Sphere,44.41,0.49,345.45,3.7668,4.566,4.6278,5.453,6.307,6.2914,7.0638,7.7855,8.1727
TPU,Sphere,17.03,2.79,140.37,4.2763,3.745,5.6632,6.0035,5.8348,7.3022,7.7407,7.8105,8.9276
TPU,Beam,34.28,0.16,369.55,2.7125,3.5037,3.822,4.4318,5.0893,5.576,6.0749,6.6931,7.1815
TPU,Beam,11.38,9.79,30.57,1.3992,0.2095,0.3818,1.5285,0.8068,1.0379,1.7693,1.3553,1.5743
Silicone,Sphere,35.27,9.66,29.4,1.1839,0.0365,0.0769,1.3017,0.4586,0.5152,1.4134,0.9727,1.0972
TPU,Beam,58.2,4.01,196.21,0.7407,0.01,2.474,1.2035,0.3211,2.6124,1.7912,1.3497,2.7434
TPU,Cylinder,29.21,7.31,179.97,0.8748,3.6319,1.7104,2.1678,4.3182,3.1066,3.6578,4.9857,4.5356
Rubber,Cylinder,11.95,3.52,161.24,3.1547,2.1071,5.092,4.6542,4.1238,6.4602,6.3942,6.2472,7.6995
TPU,Cylinder,11.55,6.74,248.05,4.1908,8.831,8.1706,8.6546,12.2851,12.2578,13.1486,15.9298,16.403
Rubber,Sphere,29.4,8.07,163.76,1.752,2.5716,0.9846,2.6005,3.222,2.2625,3.4968,4.0153,3.6338
Silicone,Cylinder,18.0,9.47,100.17,3.5118,1.8649,2.1948,4.7556,3.6409,4.144,6.0175,5.4534,6.0505
Silicone,Beam,11.17,4.06,158.19,4.7944,4.586,8.4922,8.3169,8.4561,11.4354,11.5995,12.2969,14.452
Silicone,Sphere,47.81,7.85,487.58,5.5279,8.6643,6.323,9.339,11.8763,10.7773,13.228,15.3063,15.077
Silicone,Beam,32.93,2.73,208.5,3.6471,2.9337,4.709,4.8794,4.2872,5.7486,5.9716,5.8029,6.7936
Rubber,Cylinder,24.46,9.9,225.13,3.5362,0.4172,1.0282,4.3109,2.1622,2.635,5.1906,3.8258,4.4376
TPU,Cylinder,55.0,0.36,290.39,2.0618,2.5112,2.5016,2.8775,3.305,3.3668,3.7631,4.1179,4.0961
Silicone,Cylinder,15.81,6.07,491.75,9.7714,16.4827,18.7433,19.2954,25.1139,27.5043,28.763,33.4715,35.9981
TPU,Sphere,57.8,6.63,124.59,0.01,2.1304,0.9438,0.3572,2.3734,1.6265,1.2806,2.5795,2.1605
Rubber,Beam,25.7,6.91,342.23,0.504,4.777,2.5338,2.3979,5.7189,4.237,4.4318,6.5692,5.96
Rubber,Sphere,54.42,1.29,359.41,3.8894,4.2716,3.6939,4.4159,4.8041,4.4877,4.8814,5.2643,5.1241
Rubber,Sphere,40.15,9.39,305.63,4.0796,0.7559,0.9402,4.8137,2.5134,2.8249,5.606,4.2688,4.816
Silicone,Cylinder,51.34,1.89,48.85,1.2721,1.2171,1.1369,1.3201,1.2962,1.2751,1.4411,1.3604,1.3338
TPU,Sphere,59.2,6.27,340.05,0.01,3.8281,3.0339,1.843,4.8755,4.4506,3.8922,5.9963,5.9359
TPU,Sphere,24.42,2.3,36.73,1.281,0.9974,1.3455,1.5822,1.3081,1.6398,1.6163,1.6745,1.7686
TPU,Cylinder,58.06,3.14,300.09,2.7296,1.1152,3.9086,3.3374,2.1333,4.3453,3.9877,3.4225,4.6916
Rubber,Sphere,29.47,5.51,371.09,0.7306,3.3172,5.4403,3.707,5.7559,7.4928,6.3968,8.1025,9.3688
Silicone,Cylinder,29.28,4.23,109.43,1.1912,0.6669,3.263,2.2302,2.089,3.9173,3.4477,3.464,4.6999
Rubber,Cylinder,27.02,1.69,421.6,5.5404,6.0382,5.9416,6.9398,7.4243,7.578,8.3173,8.7439,9.0389
Rubber,Cylinder,37.07,1.79,20.03,0.623,0.5471,0.5162,0.5829,0.5492,0.5029,0.5456,0.461,0.4256
TPU,Cylinder,17.71,4.24,422.69,5.9017,5.534,11.3968,10.4248,10.6459,15.2182,15.1364,15.8356,19.0909
Rubber,Sphere,37.69,7.6,232.86,1.1026,3.5636,1.3714,2.3767,4.1834,2.6957,3.5925,4.6797,4.088
TPU,Cylinder,37.09,8.99,112.71,1.9128,0.4261,0.1125,2.1874,1.1789,1.0954,2.4241,1.8737,1.9734
Silicone,Cylinder,48.1,0.93,71.22,1.3069,1.6316,1.2745,1.4678,1.7511,1.5682,1.7923,1.9399,1.9607
TPU,Sphere,51.68,3.99,476.89,3.1998,1.5004,6.9845,5.4507,4.577,8.6357,7.8328,7.5245,10.2978
Silicone,Sphere,32.02,1.09,40.97,1.2679,1.617,1.2781,1.6809,1.9444,1.6339,1.9381,2.0907,2.123
TPU,Beam,25.12,0.26,103.55,1.2769,1.5259,1.4965,1.7432,2.1249,2.1526,2.3774,2.6977,2.8379
Rubber,Sphere,22.97,6.65,177.17,0.6308,3.7451,2.5934,2.2871,4.7623,4.0342,3.9953,5.7491,5.4734
Rubber,Sphere,19.73,6.06,312.02,1.6792,5.7618,6.0405,5.0885,8.2103,8.7133,8.496,10.7678,11.4002
Silicone,Beam,12.88,1.71,274.68,9.5989,11.0967,12.2289,14.1183,15.6194,16.8622,18.7709,20.1923,21.5909
Silicone,Sphere,27.12,2.41,67.19,2.3206,2.1302,2.775,3.0044,2.9011,3.3612,3.6219,3.6684,4.2142
Silicone,Sphere,23.51,0.33,148.42,3.9138,4.8095,5.179,6.1219,6.9864,7.4843,8.3477,9.1376,9.776
TPU,Sphere,58.32,8.37,123.18,1.4472,1.1516,0.1022,1.6569,1.7423,1.0094,2.0372,2.1765,1.82
TPU,Sphere,37.89,9.75,110.7,2.4104,0.1278,0.5515,2.7981,1.0973,1.435,3.1117,2.3251,2.5426
Silicone,Beam,27.36,1.44,208.52,4.2945,4.9744,4.8862,5.7026,6.2742,6.4552,7.1155,7.5904,7.9936
Rubber,Sphere,39.02,2.39,353.5,4.6414,3.8708,5.2339,5.5863,5.2157,6.2624,6.5794,6.4161,7.1869
TPU,Sphere,16.96,8.7,112.64,3.272,2.6767,2.4815,4.7285,4.4591,4.5589,6.1575,6.1028,6.4374
TPU,Beam,32.2,9.27,186.51,2.9799,0.5509,0.4729,3.4739,1.816,1.9464,4.009,3.0288,3.2761
TPU,Cylinder,41.31,4.25,198.5,0.8098,0.01,3.2516,1.882,1.2891,3.7305,2.9059,2.6622,4.2029
Silicone,Beam,34.44,0.6,488.35,6.2227,7.7554,7.8397,9.3028,10.5831,11.1327,12.3662,13.6206,14.3187
Silicone,Cylinder,30.09,0.49,477.56,7.592,9.3271,9.9731,11.7115,13.2635,14.2775,15.9542,17.4678,18.6069
Silicone,Beam,59.69,5.78,401.07,0.01,3.0243,3.9375,2.0288,4.6544,5.4469,4.3778,6.2252,6.8883
Silicone,Beam,54.02,3.99,124.62,0.6584,0.01,2.2753,1.2906,0.6724,2.541,1.8603,1.48,2.7035
Silicone,Sphere,41.17,0.38,38.68,0.7877,0.9988,0.7726,1.0019,1.2433,1.1918,1.3117,1.4593,1.5279
Rubber,Cylinder,38.47,5.87,161.87,0.01,1.2371,1.5112,0.105,1.7421,1.9728,1.0778,2.1165,2.4078
Rubber,Sphere,41.03,0.21,137.06,1.0851,1.3619,1.3878,1.5632,1.6654,2.0538,2.0718,2.4328,2.4323
Silicone,Cylinder,20.07,7.89,255.43,5.3207,7.5989,6.3752,8.7175,10.8851,10.2943,12.398,14.0566,14.2387
TPU,Beam,29.76,3.13,389.98,4.5348,3.1129,6.6496,6.2395,5.2738,8.0099,8.0244,7.5862,9.5185
Silicone,Beam,11.97,0.5,429.87,13.5412,16.5956,18.785,21.9629,24.8662,27.2991,30.2673,33.2208,35.8206
Rubber,Cylinder,33.78,5.92,423.21,0.01,3.5168,3.7412,2.0539,4.8733,5.3926,4.3231,6.4657,6.9261
Rubber,Sphere,37.15,4.04,183.04,1.0944,0.01,3.1883,1.9303,1.1851,3.6404,2.8489,2.6303,3.9874
TPU,Sphere,21.39,9.74,345.18,8.1716,4.9971,6.5317,11.626,9.7072,11.2079,15.0572,14.399,15.7718
Rubber,Sphere,58.2,5.49,159.85,0.01,0.3937,1.4845,0.0563,1.0364,1.865,0.8402,1.6616,2.1553
Silicone,Sphere,55.47,2.82,35.15,0.9178,0.4357,1.1597,0.9984,0.6013,1.1573,1.1595,0.8913,1.186
TPU,Beam,46.11,7.12,352.27,0.4692,4.349,1.8926,1.9348,5.0044,3.2817,3.6385,5.6284,4.7294
Silicone,Beam,36.67,2.79,9.86,0.4242,0.1461,0.4638,0.5101,0.1448,0.404,0.3991,0.2899,0.4317
Silicone,Beam,53.5,9.05,207.55,2.8894,0.8823,0.5003,3.4114,2.0264,1.8072,3.9954,3.1667,3.3606
TPU,Beam,16.53,3.81,168.04,2.4651,1.579,4.7155,4.0517,3.6565,6.0051,5.7052,5.6395,7.2561
Silicone,Beam,49.53,5.54,348.22,0.1018,2.7052,4.2188,2.426,4.406,5.8683,4.7449,6.198,7.2051
Rubber,Sphere,16.24,0.6,384.29,7.2087,8.7415,9.4107,10.9891,12.5919,13.2945,14.7616,16.2543,17.2799
Silicone,Sphere,49.71,4.32,155.53,1.1558,0.5413,3.6191,2.4212,2.2704,4.3609,3.8715,3.6961,5.2097
TPU,Sphere,23.79,8.34,406.76,7.1685,8.1417,7.1443,11.1898,12.3024,12.1245,15.1758,16.4728,16.7977
TPU,Sphere,53.85,8.08,150.49,1.2442,1.9895,0.5303,1.9652,2.5635,1.471,2.5346,2.9363,2.4887
TPU,Beam,57.2,2.32,225.93,2.734,2.2562,2.7332,2.9269,2.4405,3.0357,3.2082,2.8928,3.2184
Silicone,Beam,17.44,2.34,364.87,9.6555,10.1072,12.4759,13.981,14.7866,16.9479,18.4973,19.5455,21.4146
TPU,Beam,33.13,8.19,348.0,3.0939,3.9239,1.9007,4.6215,5.2482,4.1327,6.1605,6.7741,6.3784
TPU,Cylinder,59.05,9.31,493.75,5.0212,0.8272,0.9076,5.8264,2.9466,3.3162,6.6966,5.1005,5.5337
Silicone,Sphere,34.17,1.04,116.45,2.8643,3.4302,3.3497,3.8642,4.412,4.3783,4.8333,5.2991,5.5016
Rubber,Sphere,53.18,4.56,332.85,0.4357,0.01,3.8058,1.803,1.5054,4.435,3.1758,3.2743,5.0402
Silicone,Beam,39.44,3.44,306.79,3.5106,2.1299,5.811,5.3359,4.2841,7.0338,6.9748,6.6138,8.4719
TPU,Sphere,28.77,8.72,457.97,7.5577,6.6509,6.1802,11.0104,10.6915,10.9449,14.5886,14.9443,15.5516
TPU,Sphere,24.29,0.93,82.4,2.0426,2.4807,2.2809,2.6066,2.9794,2.8977,3.3019,3.6348,3.6202
Silicone,Beam,20.16,2.19,377.14,9.0735,9.5684,11.3188,12.8615,13.6955,15.3552,16.6947,17.6367,19.2964
Rubber,Cylinder,48.09,7.55,286.29,0.6532,3.1021,0.5098,1.5462,3.4809,1.7048,2.4534,3.6571,2.787
TPU,Cylinder,29.33,0.61,140.96,2.0412,2.5313,2.2644,2.7631,3.099,3.0796,3.4702,3.8362,3.8563
TPU,Cylinder,35.56,4.98,239.85,0.3035,0.8155,3.6897,1.8593,2.6223,4.6651,3.6497,4.1564,5.5429
TPU,Beam,34.62,4.48,170.22,0.4289,0.01,2.7336,1.3645,1.1143,3.2309,2.4298,2.367,3.7009
Silicone,Sphere,38.86,3.41,291.76,4.9531,3.7965,7.7979,7.5987,6.9964,10.0891,10.0802,10.1437,12.3087
TPU,Beam,53.28,4.01,445.06,1.8129,0.01,4.8788,3.1694,2.0791,5.6633,4.4909,4.1133,6.2439
Rubber,Beam,59.04,5.35,286.81,0.01,0.254,2.0282,0.01,0.9386,2.2017,0.9791,1.7527,2.5769
TPU,Sphere,30.38,1.7,317.7,6.0284,6.6644,6.9824,8.1285,8.7547,9.1091,10.1952,10.7432,11.31
TPU,Cylinder,51.38,5.76,261.78,0.01,1.8681,2.5539,0.8358,2.7727,3.3203,2.3314,3.7583,4.0988
Rubber,Cylinder,48.23,8.07,30.33,0.3112,0.4567,0.01,0.2796,0.4637,0.01,0.4091,0.498,0.2454
TPU,Beam,38.68,7.63,120.26,0.4917,2.0256,0.3642,1.0739,2.1193,0.9748,1.5936,2.3962,1.8603
Silicone,Cylinder,57.8,1.62,248.54,3.7066,4.0032,3.6931,4.5165,4.6668,4.5655,5.1237,5.3186,5.382
Silicone,Beam,20.02,1.58,158.57,4.3455,4.9043,5.135,5.7675,6.4138,6.5905,7.3347,7.787,8.2624
Silicone,Beam,15.46,2.75,94.97,3.1646,2.7374,4.1934,4.4026,4.2456,5.1065,5.586,5.6356,6.4911
Rubber,Sphere,52.7,3.67,254.55,1.7031,0.01,3.4239,2.4732,1.3727,3.706,3.1812,2.4819,4.0968
TPU,Sphere,31.96,4.14,164.79,1.4775,0.7701,3.9187,2.9709,2.4801,4.7497,4.3584,4.2082,5.734
Silicone,Sphere,52.35,6.83,132.76,0.2578,2.8976,1.6616,1.4769,3.6018,2.7878,2.7317,4.1856,3.7128
Rubber,Beam,54.65,0.66,234.67,1.7834,2.0644,1.6462,1.9361,2.1557,1.915,2.0625,2.3924,2.1969
TPU,Sphere,13.12,0.44,70.98,2.3618,2.8535,3.0985,3.655,4.1009,4.3568,4.8362,5.2919,5.6475
Rubber,Cylinder,54.17,3.98,464.23,1.5946,0.01,4.4676,2.6109,1.4526,4.9515,3.7596,3.3597,5.503
Silicone,Cylinder,32.42,7.0,434.51,3.6756,9.1545,7.1089,7.9509,12.2658,11.2169,12.1693,15.3548,15.1747
Silicone,Beam,35.52,2.02,355.27,5.9866,6.1415,6.8628,7.6927,7.98,8.6232,9.423,9.8735,10.463
Silicone,Beam,41.33,6.45,57.58,0.01,1.2551,0.6826,0.1318,1.387,1.0607,0.7941,1.6063,1.2965
Rubber,Sphere,56.32,2.67,389.06,3.8268,2.5913,4.6494,4.5672,3.6443,5.1765,5.2336,4.7396,5.8092
Rubber,Beam,10.96,8.87,404.94,7.896,6.6099,6.6933,11.567,10.9782,11.5586,15.2663,15.3846,16.3055
Silicone,Beam,33.84,8.97,385.04,5.9415,3.921,3.7213,8.204,6.8453,7.1716,10.4504,9.9189,10.5875
Rubber,Cylinder,44.39,3.04,61.41,0.8437,0.0439,1.3089,0.9905,0.3514,1.1673,0.9618,0.5439,1.0568
Silicone,Cylinder,46.14,2.38,323.73,5.051,4.5477,6.0495,6.3971,6.1596,7.3832,7.884,7.9429,8.7258
Silicone,Sphere,44.63,4.17,417.99,4.5993,3.7993,9.3593,8.2065,7.9691,12.2478,11.9223,12.2358,15.2444
TPU,Beam,16.72,2.48,290.79,6.0484,5.8007,7.6825,8.3303,8.3857,9.8781,10.5912,10.9094,12.1944
Rubber,Beam,24.97,6.76,324.97,0.3224,4.5832,2.6484,2.2554,5.4998,4.2684,4.2103,6.3672,5.8429
Silicone,Cylinder,27.94,8.28,231.89,4.044,4.7227,3.4852,6.1934,6.8757,6.3328,8.3041,9.0178,9.1411
Silicone,Beam,50.22,6.76,266.71,0.2214,3.9282,2.2361,1.8777,4.8281,3.6729,3.6355,5.6771,5.1155
Rubber,Cylinder,23.94,8.26,22.02,0.3344,0.3166,0.01,0.5122,0.4771,0.1178,0.6222,0.5476,0.3629
TPU,Sphere,20.54,4.03,321.29,5.4904,4.8948,10.0606,9.5131,9.426,13.373,13.4214,13.8858,16.8092
TPU,Cylinder,57.87,1.65,45.32,0.9807,1.0124,0.8935,1.013,0.9801,0.8805,0.907,0.822,0.7232
Silicone,Beam,10.44,7.41,220.33,6.6693,10.7309,9.9056,11.9618,15.2675,15.1521,17.2081,20.0083,20.5791
Rubber,Sphere,59.89,3.67,149.86,1.0286,0.01,2.2493,1.3185,0.2844,2.2333,1.6636,1.2143,2.2697
TPU,Cylinder,43.84,6.75,274.99,0.01,3.9548,2.0715,1.6874,4.4927,3.3432,3.2628,5.209,4.7012
Rubber,Cylinder,51.42,2.78,71.04,1.0967,0.2919,1.3049,0.965,0.5562,1.1479,1.0213,0.6569,1.0113
Rubber,Sphere,24.73,0.9,347.36,5.1917,6.2415,6.0539,7.1946,8.2019,8.2738,9.2588,10.1644,10.4733
Silicone,Sphere,10.72,9.93,398.53,22.7408,22.4708,27.3116,35.9757,37.0634,41.8957,49.3025,50.0,50.0
TPU,Cylinder,46.89,1.65,85.86,1.7002,1.7145,1.4983,1.7091,1.744,1.5744,1.741,1.7216,1.618
Silicone,Beam,51.71,9.89,56.63,1.361,0.01,0.01,1.4227,0.0548,0.2842,1.3841,0.6147,0.7829
TPU,Cylinder,47.02,9.78,77.03,1.4655,0.01,0.01,1.5953,0.1268,0.2675,1.6208,0.7454,1.0153
TPU,Sphere,17.14,7.96,439.18,9.5388,12.9023,11.8605,15.807,18.8988,18.7886,22.1439,24.8501,25.8412
TPU,Cylinder,47.67,6.63,266.45,0.01,3.448,1.8588,1.1875,4.0448,3.0163,2.7902,4.4926,4.2219
TPU,Sphere,48.45,5.82,236.29,0.01,2.2831,2.9368,1.4993,3.4887,4.1628,3.284,4.712,5.1407
TPU,Sphere,42.93,8.67,57.82,0.9132,0.475,0.01,1.303,0.8487,0.5875,1.5219,1.2731,1.1121
Rubber,Beam,48.31,2.97,326.53,2.7564,1.0552,3.5475,3.0256,1.9613,3.693,3.4174,2.7178,3.8559
Silicone,Sphere,52.3,4.73,434.66,2.8535,3.4146,8.1739,6.3175,7.0522,10.7497,9.9306,10.9165,13.4655
Rubber,Sphere,40.68,6.23,414.95,0.01,4.4689,3.8427,2.5909,5.8837,5.6171,4.9228,7.3487,7.2983
TPU,Beam,14.43,4.17,314.9,4.6245,4.0916,9.103,8.259,8.3156,12.0854,11.8089,12.3761,15.0895
Silicone,Sphere,34.38,4.33,42.26,0.389,0.01,1.5616,0.9166,0.7036,1.8427,1.4953,1.3602,2.0369
TPU,Beam,13.88,3.37,60.64,1.4762,0.852,2.2022,2.1083,1.5964,2.7021,2.5238,2.4535,3.1682
Silicone,Beam,30.38,5.69,29.41,0.01,0.3953,0.6755,0.063,0.6298,0.8329,0.5222,0.8915,1.0225
Rubber,Sphere,30.36,8.52,132.45,1.8082,1.3895,0.5036,2.4959,2.1625,1.6182,3.0515,2.9111,2.7498
Silicone,Sphere,13.3,2.1,72.15,4.0086,4.3721,5.113,5.8474,6.2695,6.8845,7.3861,8.0508,8.6544
Silicone,Cylinder,27.44,9.35,133.72,3.3438,1.4893,1.6333,4.322,3.078,3.4298,5.4546,4.713,5.1857
Silicone,Beam,15.55,6.92,195.6,3.0599,6.9854,5.941,6.5232,9.4978,9.1479,9.9061,12.134,12.2949
Silicone,Cylinder,50.41,8.25,471.78,4.6146,5.5967,3.6409,7.1716,8.0185,6.926,9.473,10.2885,10.0287
Silicone,Sphere,57.38,5.61,307.14,0.6671,3.386,4.8546,3.2143,5.4165,6.7228,5.7913,7.4563,8.5106
TPU,Cylinder,13.62,7.82,418.31,8.3136,11.9323,10.6692,13.974,17.2584,16.9072,19.7623,22.5197,23.1604
Silicone,Beam,57.76,0.26,356.62,2.6315,3.2482,3.4095,3.9734,4.655,4.7484,5.3323,5.8857,6.2838
Silicone,Cylinder,36.13,8.2,60.69,0.9231,1.2556,0.3196,1.4053,1.5324,1.06,1.8263,1.9286,1.782
Rubber,Beam,24.98,0.5,369.28,3.3121,4.1094,3.8734,4.7959,5.5541,5.5632,6.1697,6.8384,7.0455
Silicone,Sphere,13.84,8.91,141.17,6.6817,6.3007,6.7813,10.1061,10.2572,11.04,13.7708,14.3002,15.3377
Rubber,Sphere,35.03,9.92,321.36,4.7023,0.6938,1.4642,5.6593,2.9937,3.7179,6.6351,5.0911,5.9126
TPU,Beam,49.73,3.01,173.78,2.0585,0.71,2.6104,2.2081,1.5234,2.718,2.4859,2.0817,2.7574
Silicone,Sphere,45.35,2.18,498.85,8.8336,9.0957,10.9006,12.1918,12.7458,14.2673,15.4969,16.3833,17.7893
Rubber,Sphere,12.51,7.68,135.46,2.5302,4.5484,3.191,4.4318,6.0784,5.2578,6.3667,7.6052,7.5305
Rubber,Sphere,13.65,2.6,143.17,3.9813,3.6619,5.1588,5.5083,5.3239,6.5051,7.0379,7.0862,8.0056
TPU,Sphere,30.14,8.67,465.68,7.2637,6.5866,6.0302,10.7528,10.5191,10.4954,14.1102,14.4828,15.0806
Silicone,Beam,24.76,1.12,17.2,0.6941,0.8873,0.5969,0.6882,0.7449,0.5842,0.793,0.7487,0.7993
Silicone,Cylinder,21.62,1.35,349.86,8.7021,10.3916,10.8912,12.626,14.2144,14.9623,16.7926,18.1385,19.1565
Rubber,Cylinder,24.05,9.79,364.04,5.3435,1.2222,2.1904,6.6756,4.0842,4.8585,8.0236,6.5841,7.4468
Silicone,Sphere,50.17,6.77,419.01,2.4928,7.7793,6.0728,6.193,10.3008,9.4037,9.807,12.7509,12.6327
Rubber,Cylinder,56.46,8.48,487.35,2.9944,2.3767,0.2961,3.7738,3.2916,2.0288,4.6261,4.3093,3.8377
Silicone,Cylinder,30.26,3.31,487.92,7.9077,6.7759,12.0133,12.0176,11.6895,15.6953,16.274,16.6053,19.4523
Rubber,Sphere,55.31,6.8,37.31,0.01,0.9889,0.106,0.01,0.7893,0.3146,0.1383,0.8456,0.5361
Silicone,Sphere,26.07,5.98,411.81,5.9492,11.2157,12.8402,12.6019,17.0097,18.7091,19.1904,22.6418,24.472
TPU,Cylinder,33.82,6.07,324.92,0.3986,4.0148,3.9638,2.6888,5.5878,5.7478,5.0945,7.1238,7.5413
Silicone,Beam,21.3,6.86,325.43,3.6126,8.6308,7.2972,7.6811,11.7682,11.1415,11.9219,14.7778,14.8841
Silicone,Sphere,42.02,5.8,68.53,0.01,1.1735,1.4353,0.6852,1.7478,2.0111,1.587,2.4277,2.5842
TPU,Beam,58.95,4.35,326.84,0.5529,0.01,3.3962,1.6116,0.9324,3.8786,2.7468,2.3655,4.2805
Silicone,Cylinder,40.17,2.83,491.33,7.2483,6.2642,9.6339,10.0054,9.5601,12.2379,12.9285,13.0629,15.0815
TPU,Sphere,27.89,7.71,456.35,5.5736,9.3667,7.0899,9.7904,12.8125,11.6804,13.9244,16.311,16.2332
Silicone,Beam,42.39,2.34,222.37,3.5892,3.2074,4.1999,4.4153,4.1062,4.9454,5.2456,5.1662,5.7224
Rubber,Sphere,16.15,6.95,24.77,0.01,1.14,0.3065,0.3421,1.053,0.6306,0.5985,1.212,0.9994
Rubber,Cylinder,54.43,2.41,184.34,2.3034,1.5939,2.3491,2.2983,1.8087,2.3448,2.3822,1.9923,2.3233
Silicone,Beam,35.15,6.29,414.06,1.5712,6.4484,6.0272,5.1143,8.8266,8.8662,8.5158,11.2937,11.6193
Silicone,Cylinder,32.47,7.5,352.24,3.7111,7.5842,5.2978,6.9483,9.968,8.7569,10.1267,12.3832,12.0488
Silicone,Cylinder,39.29,2.27,232.38,4.3355,4.0847,4.89,5.4794,5.3778,6.3065,6.6282,6.6298,7.3974
Rubber,Sphere,41.24,0.69,32.28,0.6053,0.6991,0.4105,0.5824,0.7605,0.5889,0.5683,0.6306,0.673
Silicone,Beam,13.59,1.4,216.31,7.2792,8.4673,9.1297,10.6537,11.8208,12.631,14.0641,15.2624,16.0938
Rubber,Cylinder,44.13,6.1,237.17,0.01,1.9413,1.6294,0.2508,2.5294,2.2183,1.5027,3.0519,2.9221
TPU,Cylinder,22.1,8.51,464.63,7.1184,7.2587,6.2813,10.632,11.0859,10.8636,14.2275,15.1265,15.4379
Rubber,Beam,45.7,0.55,322.34,2.1193,2.702,2.1916,2.6775,3.0826,2.8524,3.1716,3.5602,3.5392
Rubber,Cylinder,51.13,7.37,159.27,0.01,2.1834,0.1552,0.5577,2.2293,0.7251,1.076,2.1413,1.2813
TPU,Cylinder,50.2,3.48,265.03,2.1414,0.4473,3.6935,2.9521,1.879,4.2481,3.7959,3.116,4.7275
Rubber,Beam,37.63,4.84,37.7,0.01,0.01,0.7156,0.01,0.01,0.6499,0.0542,0.1964,0.6582
Silicone,Beam,36.01,9.3,486.42,7.2458,3.8278,4.4769,9.9124,7.7252,8.5393,12.451,11.4239,12.4808
Silicone,Beam,17.14,3.39,183.23,4.4411,3.6114,6.8634,6.7794,6.5401,9.0467,9.1512,9.3135,11.1069
Rubber,Beam,48.77,4.71,241.54,0.01,0.01,2.3073,0.5558,0.3569,2.5171,1.3928,1.4421,2.7438
Silicone,Sphere,23.57,0.24,180.87,4.4324,5.6278,6.1675,7.3145,8.2433,9.0785,10.0514,11.0607,11.8909
Rubber,Beam,34.83,0.91,342.84,3.1831,3.7616,3.2837,3.9391,4.3785,4.0704,4.6062,4.9289,4.9584
Silicone,Sphere,24.21,2.66,332.8,9.3391,9.626,12.825,14.1081,14.7211,17.329,18.7792,19.5847,21.8961
Silicone,Sphere,16.69,0.38,359.08,12.3145,15.182,17.4522,20.143,23.0093,25.3378,28.2002,30.875,33.3493
Rubber,Sphere,41.48,6.35,137.73,0.01,1.9331,1.1734,0.4221,2.1706,1.8144,1.2691,2.5981,2.3958
Silicone,Cylinder,12.72,4.32,161.26,4.644,4.9151,8.5765,8.3421,8.7568,11.8628,12.0548,12.9025,15.1147
Rubber,Sphere,47.43,5.53,67.0,0.01,0.2965,0.9519,0.01,0.5443,0.9315,0.4196,0.7249,1.0971
Silicone,Sphere,25.88,1.83,329.48,9.2413,10.4778,11.6457,13.4328,14.7381,15.9794,17.6024,18.8776,20.2069
Silicone,Cylinder,10.01,3.03,24.7,1.4089,1.1123,2.0057,2.1081,1.9585,2.4704,2.6343,2.6203,3.0472
TPU,Cylinder,35.56,6.67,300.85,0.4426,4.6768,2.9713,2.4982,5.7204,4.6847,4.5002,6.7409,6.3538
TPU,Cylinder,12.34,9.66,435.5,12.2846,9.4855,11.6365,18.1362,16.6794,19.0742,24.1096,23.924,26.4237
Rubber,Beam,23.81,0.6,445.96,4.3215,5.3026,5.1756,6.0451,6.907,7.037,7.8247,8.5729,8.8092
TPU,Cylinder,45.35,8.91,227.27,2.8125,0.998,0.363,3.3314,2.1778,1.8592,3.9739,3.266,3.3529
Rubber,Cylinder,13.13,5.81,232.36,1.4392,4.3408,5.3122,4.1602,6.657,7.3386,7.0831,8.8316,9.5757
TPU,Sphere,51.97,5.68,43.1,0.01,0.358,0.6849,0.01,0.526,0.7527,0.3408,0.7878,0.9216
Silicone,Cylinder,10.19,5.05,337.03,11.501,15.0621,20.7915,21.3742,24.8749,29.7313,31.1369,34.5822,38.7052
Rubber,Beam,22.34,0.79,411.52,4.5735,5.4805,5.2342,6.3136,7.0556,7.0135,7.9468,8.595,8.7678
Rubber,Cylinder,47.05,0.99,126.1,1.7024,1.7576,1.3833,1.7311,1.8573,1.5123,1.7346,1.8966,1.6787
Silicone,Beam,25.81,6.05,213.54,1.0086,4.1277,4.354,3.4383,6.0462,6.381,5.9833,7.7977,8.2821
Rubber,Cylinder,15.09,3.48,420.23,6.2262,4.9525,9.8947,9.6149,8.98,12.8796,12.9898,13.1632,15.8385
Rubber,Cylinder,28.01,9.18,439.17,5.3502,2.0864,2.0972,6.8514,4.6284,4.8358,8.2463,7.1018,7.6186
TPU,Cylinder,23.52,4.13,125.37,1.2381,0.4359,3.0789,2.2947,1.9121,3.8084,3.4316,3.2327,4.4766
Rubber,Cylinder,52.14,1.52,277.53,3.0785,3.1766,2.7219,3.2162,3.3193,3.0986,3.3087,3.5104,3.248
Silicone,Beam,25.67,7.18,100.28,0.6255,2.8778,1.5864,1.7923,3.4126,2.6035,2.959,4.0998,3.6958
TPU,Beam,49.45,3.0,55.43,0.9108,0.2456,1.2475,0.9811,0.4227,1.1019,0.9751,0.6193,1.0807
TPU,Sphere,54.59,5.3,456.0,0.4265,2.6065,5.5825,3.2205,5.0177,7.2618,6.0946,7.2484,8.9603
Silicone,Beam,31.69,7.01,411.15,2.8558,7.94,5.7409,6.4487,10.374,9.2632,10.0194,12.8668,12.5528
Silicone,Cylinder,55.5,9.01,381.22,4.7771,2.2981,2.1059,6.2414,4.588,4.56,7.6267,6.7329,7.2651
TPU,Sphere,28.87,7.94,29.14,0.4313,0.8446,0.114,0.6559,0.9083,0.4675,0.9142,1.0975,0.8716
Rubber,Sphere,58.2,6.8,422.65,0.01,4.5881,2.2024,1.6651,5.1711,3.4899,3.4056,5.6537,5.0354
TPU,Sphere,14.46,6.83,221.83,4.095,8.5344,7.6434,8.3262,11.9201,11.6185,12.5893,15.2834,15.6303
Silicone,Cylinder,44.35,9.46,174.49,3.2972,0.7068,0.8899,3.8981,2.1031,2.4996,4.5232,3.6401,4.0178
TPU,Beam,34.69,3.03,275.51,3.2316,1.9436,4.4149,4.1755,3.2381,5.1714,5.0519,4.646,5.9375
Silicone,Cylinder,29.38,0.11,50.22,0.6809,0.979,1.0959,1.1559,1.4172,1.6124,1.7172,1.9309,2.0413
TPU,Sphere,41.64,2.79,379.54,5.3023,4.2334,6.8989,7.0779,6.5883,8.5067,8.8636,8.7053,10.1739
Rubber,Cylinder,45.19,2.26,293.31,3.3681,2.772,3.4061,3.7274,3.3107,3.7833,3.9698,3.758,4.1656
TPU,Cylinder,10.22,6.65,97.36,1.5185,4.1627,3.4689,3.5562,5.6776,5.4075,5.6111,7.2007,7.1689
TPU,Beam,18.35,6.37,98.17,0.0117,2.3161,1.788,1.1749,2.9501,2.5744,2.3805,3.5652,3.459
Silicone,Beam,45.65,5.98,96.2,0.01,1.2467,1.2606,0.2698,1.7088,1.6866,1.1225,1.9998,2.1223
Silicone,Sphere,43.32,0.26,33.22,0.4928,0.7366,0.6382,0.8145,0.8916,0.9676,1.0487,1.2173,1.172
Silicone,Cylinder,58.3,7.31,295.96,1.2683,4.5491,2.0426,2.8092,5.4293,3.8118,4.4484,6.2497,5.4974
TPU,Cylinder,48.05,3.3,420.97,3.6312,1.8749,5.6987,5.0408,3.6851,6.626,6.2475,5.6245,7.6074
Rubber,Beam,57.54,6.68,13.66,0.01,0.372,0.0701,0.01,0.3955,0.01,0.01,0.2913,0.086
Silicone,Cylinder,45.13,5.61,29.26,0.01,0.29,0.5522,0.01,0.4405,0.6364,0.3149,0.6601,0.8135
Silicone,Cylinder,24.9,3.49,288.52,5.4279,4.4899,8.6327,8.5272,8.1322,11.3623,11.6173,11.8375,14.0473
TPU,Cylinder,15.27,1.43,410.65,9.6471,11.3726,12.091,14.0563,15.7097,16.6785,18.5939,20.0962,21.2389
Silicone,Beam,49.09,1.03,166.74,2.45,2.8076,2.4467,2.9999,3.3041,3.0086,3.455,3.631,3.6069
Rubber,Sphere,42.21,8.33,178.06,1.6437,1.7703,0.3149,2.2712,2.3326,1.4686,2.8933,2.8738,2.653
Rubber,Sphere,12.41,9.19,300.19,8.1111,6.254,7.1888,11.8244,10.9354,11.9439,15.5425,15.4969,16.6343
Silicone,Cylinder,28.0,6.53,140.74,0.5884,3.6611,2.8704,2.4931,4.7878,4.3276,4.1378,5.811,5.8163
Silicone,Sphere,57.84,1.12,18.17,0.618,0.6962,0.4738,0.612,0.6037,0.5764,0.6274,0.6068,0.689
TPU,Beam,35.02,4.08,368.94,2.1828,0.7692,5.3361,3.9707,3.1237,6.5776,5.6915,5.4069,7.7024
Rubber,Beam,31.64,7.32,314.7,0.5906,4.0539,1.4866,2.0471,4.6223,2.862,3.4459,5.1787,4.2041
Rubber,Sphere,32.88,7.82,292.47,2.222,4.2775,2.0678,3.8096,5.364,3.9859,5.3607,6.5415,5.9036
Silicone,Sphere,20.44,1.27,372.13,11.996,14.292,15.6253,18.2851,20.6339,22.1751,24.5255,26.8091,28.567
TPU,Cylinder,28.44,0.1,339.24,3.5031,4.2613,4.8391,5.6081,6.4405,7.0664,7.8947,8.5661,9.2203
Rubber,Sphere,28.49,7.15,106.91,0.1877,2.517,0.912,1.0782,2.6973,1.6814,1.9609,2.9654,2.5024
Rubber,Cylinder,12.62,3.63,179.48,3.2473,2.1455,5.3645,4.8634,4.3797,6.671,6.6436,6.629,8.1849
TPU,Cylinder,48.38,2.62,67.42,1.1825,0.7016,1.3531,1.258,0.7847,1.3843,1.3651,1.0752,1.3323
TPU,Beam,30.83,0.23,69.28,0.7014,0.8791,0.8058,0.9779,1.2463,1.2245,1.341,1.5098,1.5159
Rubber,Beam,51.11,5.45,339.72,0.01,0.7401,2.4217,0.2019,1.6753,2.9235,1.5004,2.6114,3.3096
Rubber,Beam,52.52,8.53,430.01,2.8054,1.7373,0.01,3.2104,2.5848,1.4296,3.7254,3.5284,3.0834
TPU,Beam,20.6,9.58,481.55,8.2176,4.3831,5.5554,11.236,8.7776,10.1159,14.2359,13.1347,14.5368
Rubber,Sphere,42.87,5.7,316.03,0.01,2.2591,3.2347,1.4112,3.464,4.4458,3.3233,4.8289,5.5086
Silicone,Beam,33.61,5.19,96.13,0.01,0.6821,2.0591,0.8624,1.4274,2.5491,1.8796,2.3687,3.0133
Silicone,Sphere,54.01,0.94,57.3,1.2483,1.5654,1.1733,1.4629,1.7126,1.5111,1.6101,1.8613,1.7907
TPU,Beam,20.79,5.53,407.36,1.9998,5.1158,7.4456,5.816,8.4145,10.335,9.6171,11.7631,13.2815
TPU,Sphere,43.89,3.86,291.48,2.4512,1.1342,5.2188,4.0727,3.3133,6.3173,5.7417,5.552,7.4726
TPU,Cylinder,40.39,6.11,311.05,0.01,3.4557,3.1386,1.8508,4.649,4.6437,3.8993,5.7889,5.9618
Silicone,Sphere,24.77,3.95,391.82,8.5449,8.3542,14.4918,14.4226,14.9108,19.8266,20.4378,21.5463,25.0844
Rubber,Sphere,16.83,2.48,353.12,7.5784,7.3798,9.6662,10.5993,10.8913,12.7137,13.6863,14.2054,15.9168
Silicone,Beam,42.58,1.04,418.06,5.4812,6.3644,6.1066,7.2762,8.1228,8.2376,9.0642,9.9185,10.1798
Rubber,Sphere,46.93,3.22,32.83,0.4688,0.0164,0.8817,0.6431,0.1726,0.7264,0.5792,0.4705,0.72
Silicone,Cylinder,25.78,1.06,375.02,7.7913,9.439,9.793,11.3285,12.8152,13.4343,14.9739,16.3759,17.177
Rubber,Cylinder,42.24,1.85,426.17,4.6474,4.599,4.6264,5.2926,5.2805,5.2941,5.8379,5.8526,6.025
Silicone,Beam,29.76,9.87,146.64,3.2836,0.6828,1.2411,4.0417,2.2655,2.847,4.9104,3.8606,4.4729
TPU,Cylinder,45.66,4.5,322.02,0.7656,0.3717,4.3009,2.4429,2.1899,5.0447,4.0127,4.2156,5.9544
Silicone,Sphere,19.96,5.37,160.51,2.786,4.7999,7.0573,6.2141,7.9584,9.8576,9.7544,11.1416,12.6719
Rubber,Cylinder,54.51,8.75,479.2,3.5522,1.5804,0.2593,4.2047,2.8261,2.1211,4.8065,4.2049,3.967
Silicone,Beam,24.37,9.96,21.54,0.9226,0.01,0.01,1.0637,0.1483,0.347,1.0689,0.5212,0.7664
Silicone,Sphere,28.39,5.87,292.0,3.382,7.1941,8.5679,7.7083,10.9795,12.2427,12.1985,14.7027,16.0339
Silicone,Beam,12.9,8.14,87.42,2.5991,3.3955,2.7041,4.0955,4.9212,4.5653,5.7131,6.3729,6.4065
TPU,Sphere,15.58,3.34,357.55,9.4216,9.066,14.2191,14.869,15.0655,19.2548,20.3685,21.2923,24.3393
Silicone,Cylinder,35.79,3.13,92.07,1.7433,0.8852,2.5384,2.348,1.7407,3.0038,2.8525,2.5742,3.3552
TPU,Beam,23.38,4.09,121.51,1.0367,0.2414,2.7946,1.9094,1.4084,3.3144,2.7919,2.5133,3.8093
TPU,Beam,51.77,6.76,249.71,0.01,3.1433,1.19,0.7563,3.3474,2.1293,1.9002,3.7819,2.9585
Silicone,Sphere,10.73,6.85,457.84,21.064,30.8136,33.1335,37.5637,46.1432,49.3705,50.0,50.0,50.0
Silicone,Beam,28.95,3.22,109.8,2.1282,1.0815,3.0919,2.7268,2.2728,3.6457,3.489,3.2778,4.2108
Silicone,Sphere,26.87,1.42,76.4,2.4859,2.8955,2.8374,3.3748,3.6528,3.7275,4.0047,4.393,4.6002
Rubber,Sphere,10.97,6.36,380.69,6.4069,12.342,12.7367,13.1929,17.8432,18.8629,19.7033,23.6133,24.9933
Silicone,Sphere,16.22,1.37,252.81,10.2413,12.2469,13.319,15.6768,17.5536,18.9348,21.0337,22.8913,24.4104
TPU,Sphere,30.68,5.83,456.33,2.6867,6.9239,8.4442,7.0677,10.5409,11.9464,11.5388,14.1357,15.4773
Silicone,Cylinder,34.64,6.96,77.57,0.1915,2.0929,0.9348,0.9329,2.4584,1.8063,1.8797,2.8527,2.519
Rubber,Sphere,30.21,7.04,324.73,1.2573,5.5694,3.2774,3.564,6.7571,5.3468,5.7481,7.9315,7.5478
Silicone,Beam,36.55,7.56,120.28,0.7988,2.5807,0.9847,1.6339,2.9857,1.9556,2.583,3.4485,2.9871
Rubber,Cylinder,39.76,8.74,82.6,1.2576,0.3376,0.01,1.3245,0.5525,0.2323,1.1981,1.003,0.7319
Rubber,Beam,10.5,5.05,343.3,3.3821,5.1005,8.9232,7.5502,9.1403,12.2087,11.7546,13.236,15.612
Silicone,Cylinder,33.2,7.33,298.87,2.652,6.5076,4.3654,5.471,8.4345,7.1951,8.3226,10.3999,10.051
TPU,Sphere,58.17,6.23,378.64,0.01,4.1347,3.4745,2.1011,5.5164,5.1501,4.4373,6.6858,6.6857
Rubber,Cylinder,35.95,1.95,158.18,2.4861,2.2469,2.3856,2.6253,2.5792,2.5472,2.7551,2.7015,2.766
Silicone,Cylinder,43.88,0.35,226.75,2.6806,3.241,3.4168,3.96,4.4393,4.6235,5.2677,5.8166,6.0444
Silicone,Beam,25.59,2.92,205.71,4.1815,3.2801,5.6014,5.8092,5.2043,7.1187,7.3834,7.2798,8.5689
TPU,Beam,48.7,4.49,492.12,1.1862,0.2609,5.2162,3.0861,2.6709,6.3072,4.9848,4.9584,7.2971
Rubber,Sphere,48.65,6.21,149.66,0.01,1.8175,1.1462,0.1381,2.1311,1.7371,1.1215,2.3212,2.2364
Rubber,Cylinder,36.06,8.51,150.93,1.5393,1.0761,0.0662,1.9821,1.6203,0.9516,2.3535,2.0697,1.8337
Silicone,Cylinder,58.8,2.04,180.5,3.0247,2.8528,3.0182,3.3377,3.2856,3.5381,3.7967,3.7718,3.9731
Silicone,Cylinder,16.28,1.34,284.47,8.9741,10.6934,11.4996,13.4054,15.0556,15.9618,17.7714,19.4293,20.7021
TPU,Sphere,10.85,9.64,129.9,5.7193,4.0092,5.173,8.4089,7.4767,8.3825,11.0824,10.7893,11.904
TPU,Sphere,48.51,1.17,458.07,5.745,6.5886,6.2275,7.3711,8.3099,8.18,9.2545,9.8461,10.1506
Rubber,Sphere,50.36,4.84,136.51,0.01,0.01,1.8242,0.4652,0.5909,2.0416,1.0394,1.3553,2.2512
Rubber,Sphere,16.01,5.9,448.43,4.3073,9.2243,10.824,10.059,13.8943,15.6079,15.5588,18.7303,20.3563
Silicone,Sphere,23.28,5.46,56.22,0.387,1.3584,2.3201,1.5204,2.3625,3.0528,2.6792,3.2607,3.846
Rubber,Beam,10.88,0.95,330.0,6.6259,7.8974,8.0673,9.5154,10.7869,11.3609,12.604,13.7418,14.4306
TPU,Cylinder,24.67,0.66,453.96,6.2965,7.8291,8.1018,9.4677,10.8135,11.1726,12.5577,13.6555,14.4904
TPU,Cylinder,48.66,1.14,88.53,1.4841,1.679,1.2537,1.5234,1.72,1.4421,1.6476,1.6659,1.6169
Silicone,Cylinder,35.9,5.9,484.32,2.5732,7.3102,8.4199,7.1722,10.9439,12.0932,11.7104,14.6681,15.779
TPU,Cylinder,27.4,5.49,229.18,0.4273,2.4244,3.952,2.3854,4.0925,5.3205,4.4838,5.7437,6.8355
TPU,Cylinder,28.59,2.41,473.13,7.0853,6.7059,8.6782,9.5589,9.5519,11.237,12.0203,12.2038,13.5117
TPU,Cylinder,10.07,6.41,340.03,7.0339,12.8471,13.263,13.9553,18.7799,19.7036,20.7245,24.5837,25.9317
TPU,Cylinder,24.99,8.22,154.29,2.0919,2.6144,1.5018,3.0732,3.6114,2.8518,4.1853,4.6011,4.3419
Silicone,Cylinder,42.32,0.51,98.21,1.3327,1.712,1.7026,1.9162,2.2344,2.2579,2.4931,2.7365,2.8526
Silicone,Beam,58.71,5.03,155.35,0.01,0.2155,2.1261,0.6105,0.9908,2.5322,1.5307,2.0024,2.7883
Rubber,Cylinder,52.35,6.92,51.04,0.01,1.166,0.0809,0.01,0.9664,0.1788,0.228,0.8271,0.3418
TPU,Beam,11.18,2.6,76.21,2.6294,2.2692,3.1703,3.4564,3.2926,4.0277,4.2485,4.2813,4.8172
Rubber,Sphere,54.93,3.15,56.81,0.7715,0.0446,1.154,0.9064,0.2341,1.0921,0.9387,0.5551,1.1485
Silicone,Cylinder,49.16,6.18,214.36,0.01,3.0147,2.6702,1.5415,4.0695,3.8704,3.2887,4.9553,5.0743
Silicone,Sphere,49.02,8.99,398.81,6.5039,4.3396,4.3495,8.9386,7.7119,8.0153,11.5243,11.0158,11.7126
Silicone,Sphere,32.9,8.12,74.98,1.4022,2.0684,1.0006,2.219,2.6602,2.1611,3.0969,3.5041,3.2826
Silicone,Sphere,29.9,5.87,69.51,0.1656,1.7234,2.0075,1.326,2.5038,2.8523,2.531,3.4005,3.7342
Silicone,Beam,25.15,7.33,323.5,3.518,7.6877,5.5745,6.877,10.0609,9.0232,10.3215,12.664,12.3623
Silicone,Sphere,13.28,3.71,102.61,4.4203,4.1781,7.2364,7.1784,7.3043,9.7412,10.0564,10.525,12.3148
Silicone,Sphere,21.41,6.45,53.32,0.4534,2.2659,1.843,1.6265,3.0698,2.9433,2.7967,3.8074,3.8233
TPU,Sphere,22.33,4.72,87.59,0.6522,0.7242,2.7112,1.8955,2.0607,3.6464,2.9921,3.2718,4.3217
Rubber,Cylinder,34.2,1.98,462.25,5.3759,5.2131,5.6856,6.3719,6.5099,6.8202,7.4426,7.6575,7.9811
Silicone,Cylinder,47.37,7.05,411.63,1.8973,6.7679,4.4039,4.7902,8.4661,7.0954,7.6915,10.2426,9.7789
TPU,Beam,33.69,5.61,180.26,0.01,1.2837,2.3202,0.9283,2.277,3.1076,2.1781,3.1221,3.7529
TPU,Beam,12.89,3.65,329.63,6.5154,5.6105,10.5787,10.5274,10.2008,14.1261,14.4839,14.8409,17.6248
Rubber,Cylinder,57.89,9.12,270.95,2.7306,0.0386,0.01,2.738,0.9076,0.7504,3.0104,1.8333,1.8
Silicone,Beam,57.14,0.31,340.18,2.7455,3.2304,3.3672,3.9458,4.4318,4.5818,5.2231,5.746,5.9407
Rubber,Cylinder,49.26,3.23,342.92,2.6402,0.7963,3.9588,3.3263,1.8596,4.1753,3.7054,3.114,4.4545
Silicone,Sphere,59.57,0.66,316.22,3.9828,4.8439,4.8121,5.7556,6.5757,6.5986,7.4603,8.0951,8.4269
TPU,Sphere,37.22,7.69,136.72,1.1305,2.8486,1.0788,2.0972,3.2933,2.3703,3.059,3.948,3.5036
TPU,Beam,58.14,7.05,24.31,0.01,0.6388,0.01,0.01,0.6337,0.0367,0.0921,0.4881,0.1504
TPU,Cylinder,13.78,3.38,230.51,5.2842,4.5483,8.2853,8.2959,7.9757,10.8618,11.1818,11.4912,13.507
TPU,Cylinder,28.28,6.79,446.03,2.1807,7.6149,5.5969,5.7348,9.7773,8.8524,9.2557,12.1671,11.9939
Rubber,Beam,21.27,4.02,286.9,2.0776,0.7836,4.9353,3.5782,2.7114,5.8099,5.1682,4.9145,6.8792
Silicone,Cylinder,19.79,7.59,417.03,8.0105,12.719,11.1566,14.0802,18.0626,17.5402,20.1929,23.2469,23.85
Silicone,Sphere,17.04,4.6,495.85,14.214,16.8449,24.8399,25.6028,28.4374,35.1795,36.8986,40.193,45.5014
Rubber,Beam,41.12,4.18,85.99,0.0717,0.01,1.3967,0.438,0.01,1.3676,0.6474,0.441,1.2209
Silicone,Beam,49.07,9.35,347.43,4.7187,1.3194,1.5674,5.8217,3.5562,3.9737,6.9423,5.685,6.367
TPU,Cylinder,38.91,2.58,338.78,4.3793,3.4915,5.3247,5.5237,4.9293,6.4108,6.5655,6.5391,7.4349
Silicone,Beam,17.35,1.29,490.08,12.3477,14.7374,15.8164,18.3801,20.7471,22.1776,24.6502,26.8587,28.4446
TPU,Cylinder,50.56,5.89,492.87,0.01,3.8013,4.2859,2.314,5.4619,5.9244,4.8417,7.0906,7.7492
Rubber,Cylinder,41.8,9.7,344.91,3.8998,0.01,0.2553,4.4727,1.5321,2.0233,4.8954,3.1968,3.7568
Silicone,Cylinder,29.41,3.84,125.59,1.7632,1.0353,3.6184,3.0336,2.4733,4.5138,4.0043,4.015,5.4145
Rubber,Cylinder,43.71,0.71,400.29,3.1989,3.7786,3.3498,3.9289,4.5515,4.2923,4.8541,5.3387,5.1908
Silicone,Cylinder,23.0,3.46,57.98,1.3675,0.7786,2.3251,1.906,1.5668,2.738,2.5606,2.4869,3.1921
TPU,Beam,27.26,5.11,391.45,1.3061,2.6833,6.0107,4.0918,5.3281,7.9882,6.9034,8.1208,9.8813
Rubber,Sphere,55.87,1.7,455.55,4.8564,4.8957,4.7815,5.542,5.7521,5.6233,6.2825,6.5132,6.6073
Silicone,Sphere,24.53,6.62,194.5,2.8289,6.7745,5.9939,6.1239,9.2632,9.0474,9.5338,11.7783,12.1102
TPU,Beam,33.5,9.98,317.16,4.4693,0.5677,1.2733,5.3458,2.6237,3.4163,6.3825,4.8806,5.5293
Rubber,Beam,54.51,4.57,217.92,0.01,0.01,2.1821,0.3693,0.0853,2.2379,1.0456,1.0124,2.258
Rubber,Sphere,45.39,3.61,221.69,1.7337,0.22,3.4432,2.4631,1.4102,3.7746,3.2236,2.6577,4.0713
Silicone,Sphere,13.11,4.07,158.63,6.4756,6.6316,10.8185,11.0185,11.5513,14.9143,15.5348,16.5074,19.1783
Silicone,Sphere,17.37,1.24,382.25,14.0512,16.9933,18.5533,21.7394,24.5539,26.506,29.4574,32.205,34.3999
Silicone,Sphere,10.39,8.84,468.41,26.3202,29.3215,33.4531,42.852,46.3621,50.0,50.0,50.0,50.0
TPU,Sphere,41.55,4.21,470.67,3.4307,2.45,7.9742,6.5073,6.1232,10.2322,9.3977,9.5279,12.398
Silicone,Cylinder,32.38,3.93,91.52,1.1319,0.3863,2.6454,1.8789,1.3808,3.1333,2.78,2.6421,3.608
Rubber,Beam,16.71,6.63,438.0,1.9445,7.3705,5.7924,5.5994,9.6968,8.9265,9.0936,12.0974,11.9247
Rubber,Cylinder,57.9,4.48,370.03,0.019,0.01,3.3783,1.2785,0.7533,3.7475,2.3696,2.1973,4.1266
Silicone,Sphere,36.48,6.52,130.15,0.6261,3.418,2.61,2.248,4.4681,4.0996,3.9309,5.4644,5.4967
Silicone,Sphere,22.09,0.71,38.31,1.3321,1.683,1.6143,1.9968,2.1654,2.1269,2.4349,2.733,2.8119
Rubber,Sphere,35.03,8.16,137.66,1.4471,1.9314,0.367,1.9446,2.3274,1.5405,2.5024,2.8844,2.4993
TPU,Cylinder,43.98,9.41,456.54,5.4507,1.4148,1.8343,6.6076,3.9159,4.4977,8.0233,6.5184,7.12
Silicone,Cylinder,13.81,6.52,318.42,7.3583,13.2372,13.4217,14.3133,19.1484,20.0521,21.367,25.2306,26.5852
Silicone,Sphere,23.74,9.55,361.92,10.6724,8.1409,9.8738,15.7178,14.5176,16.3554,20.8187,20.8081,22.8103
Rubber,Cylinder,50.35,1.6,132.29,1.9362,1.9112,1.6542,1.8683,1.8946,1.6701,1.8015,1.9208,1.7916
Silicone,Cylinder,32.98,4.83,361.1,2.7356,3.7704,7.8846,6.3001,7.3258,10.5285,9.8033,10.8052,13.1672
TPU,Sphere,37.33,6.06,18.92,0.01,0.4442,0.3877,0.01,0.5225,0.34,0.23,0.5313,0.639
Rubber,Cylinder,31.64,5.86,190.78,0.01,1.6998,1.8786,0.5919,2.2539,2.6308,1.8723,3.1209,3.3953
Silicone,Beam,12.19,4.07,315.24,8.74,9.055,14.8276,15.0273,15.8878,20.5176,21.3258,22.7766,26.3134
Rubber,Beam,18.29,3.45,77.32,1.0957,0.2837,1.9448,1.5088,0.8669,2.0549,1.9282,1.5184,2.3095
Silicone,Beam,32.28,1.36,412.39,6.809,7.9007,7.8995,9.2181,10.2038,10.5241,11.7054,12.6845,13.148
Silicone,Beam,20.46,3.98,121.34,2.0317,1.3473,4.0271,3.5106,3.1544,5.1846,4.8562,4.9166,6.3249
Silicone,Sphere,12.5,1.71,327.88,16.6166,19.4836,22.2578,25.691,28.7667,31.6807,35.0076,38.0196,41.0196
TPU,Sphere,52.18,7.37,205.57,0.7267,3.449,1.2536,1.9178,3.8875,2.4627,3.0766,4.4672,3.7726
TPU,Sphere,59.06,2.17,300.04,4.0052,3.6598,4.2337,4.8305,4.5566,5.0888,5.4089,5.4047,5.7853
Rubber,Beam,49.66,0.68,58.19,0.6982,0.8842,0.5141,0.6929,0.8635,0.5531,0.6598,0.8246,0.6932
Silicone,Beam,52.69,5.57,13.37,0.01,0.01,0.2924,0.01,0.1268,0.1986,0.0631,0.1546,0.2625
Silicone,Cylinder,22.1,5.99,455.23,5.6518,11.1019,12.4723,12.0691,16.6461,18.2813,18.6113,22.3333,23.9798
TPU,Cylinder,58.03,8.73,138.47,1.5545,0.4325,0.01,1.7991,1.0288,0.6115,1.9414,1.567,1.3461
Silicone,Beam,19.85,5.81,410.74,4.5877,9.1206,11.0553,10.3291,14.1043,15.8975,15.9361,18.9877,20.6562
TPU,Beam,57.57,3.52,499.68,2.8997,0.6223,5.2917,4.1343,2.615,5.8883,5.294,4.5103,6.6185
Silicone,Beam,59.74,8.05,109.66,0.8234,1.4896,0.01,1.2597,1.6974,0.7857,1.6163,1.9054,1.5277
Rubber,Beam,45.59,5.45,136.26,0.01,0.2053,1.1405,0.01,0.6338,1.4239,0.5036,1.1423,1.5806
Silicone,Cylinder,59.06,0.88,333.12,3.8729,4.5743,4.169,4.9833,5.7385,5.5578,6.1504,6.7481,6.805
Silicone,Beam,38.48,5.7,482.9,1.5096,5.4215,7.0078,5.3934,8.3704,9.9072,9.1008,11.4436,12.7432
TPU,Cylinder,22.98,9.09,458.33,7.7206,5.2242,5.6103,10.8823,9.4549,10.1318,13.9473,13.4976,14.547
Silicone,Beam,31.85,4.02,253.92,2.5894,1.4494,5.6516,4.6067,4.0182,7.0925,6.5588,6.4695,8.4816
Silicone,Beam,39.68,3.03,398.58,5.3449,3.8704,7.2414,7.1864,6.434,9.0053,9.1938,8.9364,10.7372
TPU,Beam,13.65,1.52,72.19,2.2781,2.4265,2.4082,2.8128,3.088,3.0992,3.4277,3.6681,3.6891
Rubber,Cylinder,41.12,1.6,488.83,4.9673,5.3108,4.9833,5.8675,6.1297,6.0705,6.6307,7.0159,7.0991
Rubber,Cylinder,59.06,4.38,482.35,0.592,0.01,4.2329,1.7881,1.1211,4.6677,3.1437,2.9295,5.0819
TPU,Sphere,19.51,6.0,86.05,0.4584,2.2295,2.535,1.7268,3.1969,3.5882,3.3032,4.2936,4.6711
TPU,Beam,49.63,0.9,153.21,1.8663,2.085,1.6461,1.9596,2.2179,1.9825,2.1775,2.4162,2.2112
TPU,Sphere,55.39,9.4,54.58,1.3687,0.01,0.01,1.2832,0.1077,0.1914,1.3212,0.6418,0.7362
TPU,Sphere,57.19,7.58,139.5,0.5772,2.3372,0.5344,1.1616,2.6831,1.309,1.9444,2.8439,2.229
TPU,Cylinder,58.01,5.91,408.9,0.01,2.8011,3.2675,1.2928,3.9594,4.3906,3.2442,5.3114,5.5776
Rubber,Cylinder,36.07,8.3,192.27,1.6326,1.721,0.2392,2.1276,2.4124,1.2543,2.6853,2.8743,2.4453
Rubber,Sphere,58.87,0.89,48.76,0.7904,1.0062,0.7065,0.7516,0.9215,0.677,0.8691,0.9397,0.7549
TPU,Beam,47.87,4.82,174.4,0.01,0.01,2.1631,0.6638,0.6698,2.47,1.6527,1.6502,2.7834
Silicone,Cylinder,18.08,6.34,490.78,8.3879,15.238,15.9823,16.6651,22.4377,23.7678,24.9847,29.5503,31.3032
TPU,Beam,33.85,8.3,316.69,2.9873,3.2301,1.5213,4.2333,4.578,3.5954,5.5504,5.9156,5.527
Silicone,Beam,45.92,7.86,211.0,1.6523,3.1944,1.2053,2.7199,3.876,2.7391,3.7355,4.7217,4.0855
TPU,Sphere,22.37,2.84,87.44,2.3732,1.7185,3.1372,3.0011,2.73,3.696,3.7274,3.6825,4.3717
TPU,Sphere,42.03,9.41,493.16,6.9227,3.1079,3.8426,9.2151,6.671,7.5693,11.3715,10.1507,11.2856
Rubber,Sphere,43.33,1.33,411.32,4.6218,5.2631,4.8211,5.8221,6.3896,6.1339,6.8036,7.2074,7.3229
Silicone,Sphere,18.13,8.76,144.33,5.289,5.0411,5.1197,8.0972,8.0973,8.4709,10.7761,11.2174,11.9248
Silicone,Cylinder,38.25,9.71,39.68,1.2168,0.01,0.01,1.4247,0.2753,0.3589,1.4301,0.7778,0.9509
Rubber,Cylinder,48.58,1.85,33.03,0.8805,0.8783,0.7641,0.6718,0.7523,0.6746,0.6747,0.6719,0.5569
Rubber,Sphere,34.94,7.25,64.59,0.01,1.5882,0.2653,0.4371,1.6337,0.8206,0.9165,1.6233,1.2118
Rubber,Cylinder,10.61,0.5,292.48,6.1283,7.5231,8.0185,9.4201,10.8252,11.5725,12.8508,14.161,15.0338
Rubber,Sphere,10.45,4.11,464.74,10.7959,11.311,18.4665,18.7037,19.8779,25.6117,26.599,28.3212,32.7558
Silicone,Beam,27.85,5.21,250.89,1.3856,2.8392,5.4372,4.0046,5.4379,7.3251,6.6181,7.8024,9.1628
Silicone,Beam,56.31,5.85,422.26,0.01,3.6258,4.2256,2.558,5.255,5.8685,4.8854,6.9352,7.5629
TPU,Beam,21.43,9.37,225.71,4.3598,1.6245,1.9882,5.4856,3.6757,4.1329,6.6053,5.8644,6.2791
TPU,Sphere,41.72,6.76,355.75,1.1408,5.8914,4.0977,3.8105,7.3525,6.391,6.4058,8.9109,8.6259
Rubber,Beam,21.1,4.86,367.28,1.2386,1.6729,5.4187,3.5798,4.0655,7.063,5.8068,6.6594,8.4751
Rubber,Cylinder,26.08,8.12,91.11,0.8907,1.3765,0.2026,1.3089,1.6896,0.8308,1.646,1.8908,1.6555
Rubber,Beam,52.4,9.51,183.8,2.2139,0.01,0.01,2.3207,0.0255,0.2026,2.2047,0.8589,1.1037
TPU,Beam,46.44,0.32,320.46,2.178,2.6553,2.645,3.1781,3.665,3.7656,4.1095,4.5207,4.7194
TPU,Beam,14.77,9.83,39.99,1.6134,0.01,0.2462,1.7134,0.6479,0.8472,1.8936,1.3194,1.5114
TPU,Cylinder,31.44,0.95,183.96,2.8482,3.2939,2.9837,3.4895,4.1131,3.8353,4.4213,4.7664,4.7011
TPU,Sphere,11.46,8.16,269.73,9.0524,11.3561,11.0221,14.8702,16.8202,17.3119,20.4832,22.6028,23.6508
TPU,Cylinder,34.04,2.88,498.13,6.1675,4.7736,8.1181,8.2736,7.5612,10.0941,10.5192,10.4314,12.2078
TPU,Sphere,43.12,1.41,239.89,3.7903,4.271,4.0787,4.7443,5.1126,5.0375,5.6205,6.0695,6.2206
TPU,Sphere,15.93,4.45,408.95,8.2116,9.0798,15.2999,14.8637,16.2148,21.1248,21.6112,23.2197,27.0525
Rubber,Beam,24.44,6.48,218.87,0.01,3.0863,2.0159,1.1412,3.8164,2.9845,2.6556,4.3464,4.0193
Rubber,Sphere,29.89,3.87,399.21,3.5819,2.0027,6.9011,5.7384,4.8512,8.7102,8.1159,7.9753,10.2989
Rubber,Cylinder,55.98,0.64,299.73,2.1136,2.5576,2.0134,2.539,2.9466,2.5287,2.9293,3.1492,3.0305
Rubber,Cylinder,59.66,6.03,443.86,0.01,2.4894,2.4012,0.2758,3.3871,3.2227,2.077,4.0895,4.1112
TPU,Sphere,12.25,9.03,208.42,7.6089,6.6752,7.4027,11.5131,11.235,12.1523,15.4033,15.6581,16.9179
Silicone,Beam,48.05,3.89,304.13,2.2712,0.8879,4.972,3.8272,2.9223,5.9294,5.2129,5.0124,6.9084
TPU,Beam,28.59,2.24,316.86,4.8467,4.4626,5.5345,6.0558,5.9189,6.6747,7.2587,7.275,7.9046
Silicone,Cylinder,29.62,4.48,211.6,2.0295,1.7892,5.4605,4.3322,4.4189,7.0927,6.4697,6.8929,8.6522
Rubber,Beam,47.71,0.58,76.43,0.7911,0.8874,0.7071,0.7713,0.887,0.7602,0.8199,0.9473,0.8444
TPU,Sphere,55.92,8.22,51.31,0.614,0.7412,0.01,0.6818,0.9225,0.3493,0.9319,0.9324,0.7333
Rubber,Sphere,57.55,8.28,13.25,0.2675,0.223,0.01,0.2678,0.2184,0.01,0.2446,0.2418,0.01
TPU,Cylinder,38.86,5.92,437.4,0.3891,4.3043,4.8792,3.1263,6.2752,6.9243,5.9801,8.1805,8.8499
Rubber,Sphere,27.86,3.6,122.06,1.4888,0.3748,2.7856,2.1485,1.4769,3.1368,2.8375,2.528,3.6259
Silicone,Cylinder,49.38,8.02,109.7,1.0288,1.7485,0.595,1.6491,2.1776,1.3446,2.1805,2.6137,2.1359
Silicone,Sphere,22.55,5.59,369.34,6.401,10.6355,13.6194,13.2518,16.7677,19.6757,19.9677,23.0857,25.5871
Silicone,Cylinder,38.2,8.28,163.41,2.3776,2.6588,1.3733,3.4407,3.6772,3.0984,4.305,4.7515,4.5557
TPU,Beam,27.93,6.35,255.49,0.1921,3.9063,3.0086,2.2332,5.0384,4.6182,4.0903,6.0503,6.0704
Silicone,Sphere,42.83,7.87,85.44,1.179,2.0408,0.8656,1.7203,2.5662,1.8327,2.515,3.2235,2.764
TPU,Sphere,22.02,6.03,480.07,5.0637,10.6386,11.7996,11.2131,15.7779,17.1895,17.419,20.9697,22.5581
Silicone,Cylinder,19.58,4.2,426.53,8.3054,8.4465,14.807,14.4792,15.2383,20.4066,20.9431,22.078,25.9394
Silicone,Cylinder,55.91,9.58,432.58,5.8488,1.6488,2.3887,7.3312,4.4154,5.2622,8.8046,7.2834,8.092
TPU,Sphere,15.09,5.46,206.35,3.1192,5.65,7.8263,7.0577,9.1839,11.0095,10.8225,12.6397,14.3218
TPU,Cylinder,35.3,6.09,382.37,0.4375,4.523,4.5575,3.1388,6.3508,6.4692,5.7189,8.1982,8.4178
Silicone,Sphere,21.04,2.28,76.22,2.9991,2.918,3.6882,4.1129,4.1704,4.7842,5.1392,5.3391,5.8675
TPU,Beam,11.95,6.29,9.27,0.01,0.4729,0.3545,0.01,0.5699,0.3382,0.162,0.5911,0.502
Silicone,Cylinder,11.8,5.76,14.89,0.0453,0.6718,0.8703,0.4549,1.0235,1.1618,0.9692,1.3535,1.5066
TPU,Sphere,18.76,1.93,295.37,7.8692,8.7175,9.8911,11.1966,12.1626,13.2997,14.6375,15.673,16.7253
Rubber,Beam,53.34,0.69,230.42,1.7655,2.136,1.5835,1.8902,2.2537,1.9395,2.1046,2.3767,2.1617
Rubber,Beam,24.12,6.08,261.42,0.01,2.9712,2.7081,1.3699,4.0329,3.8988,3.1938,4.9004,5.0954
Rubber,Sphere,57.52,7.66,8.69,0.0362,0.2658,0.01,0.01,0.3214,0.01,0.0738,0.1332,0.0625
Rubber,Cylinder,39.08,5.28,214.23,0.01,0.4876,2.2048,0.4602,1.3974,2.7953,1.7083,2.2893,3.2434
Rubber,Sphere,31.83,2.35,360.44,5.167,4.611,6.0588,6.6051,6.3622,7.4556,7.9603,7.9895,8.7589
Silicone,Beam,39.0,6.7,224.13,0.3744,4.0294,2.6013,2.2548,4.9781,4.1018,4.0444,5.9759,5.5436
Rubber,Sphere,35.83,0.89,367.45,4.1971,5.0656,4.6802,5.6138,6.3708,6.1953,6.9605,7.5072,7.6627
Rubber,Cylinder,47.94,4.47,120.34,0.01,0.01,1.689,0.417,0.0167,1.6694,0.7948,0.7909,1.7826
Rubber,Beam,24.12,1.72,407.51,5.2931,5.6023,5.6467,6.545,7.0003,6.9818,7.7375,8.2094,8.4233
Rubber,Sphere,27.65,1.93,296.27,5.0018,5.0576,5.3824,6.1988,6.4436,6.8785,7.4627,7.7638,8.2538
TPU,Cylinder,54.7,2.1,109.33,1.8838,1.4208,1.9439,2.0258,1.6083,1.9047,2.0122,1.7537,1.872
Silicone,Beam,57.32,3.93,122.18,0.6817,0.01,2.1475,1.3001,0.5709,2.3577,1.6956,1.3716,2.5104
Rubber,Cylinder,54.63,0.61,315.88,2.1858,2.6509,2.221,2.6598,3.0191,2.7096,3.1774,3.4418,3.3677
Rubber,Beam,30.97,4.04,415.82,1.9529,0.3551,5.0885,3.522,2.4529,6.1242,5.0167,4.7026,6.8455
Rubber,Sphere,49.02,5.17,210.74,0.01,0.2881,2.4275,0.6856,1.3585,2.9425,1.874,2.4198,3.4092
Silicone,Cylinder,33.82,4.88,132.86,0.5958,0.9032,3.0904,1.9224,2.2792,4.0217,3.3573,3.6858,4.8112
TPU,Beam,34.88,3.89,434.17,2.9863,1.3935,6.1673,4.9569,4.0102,7.6877,6.9876,6.6045,9.0146
Silicone,Cylinder,20.23,8.41,336.29,7.8195,8.6832,8.1324,12.2069,13.1833,13.3083,16.5375,17.8644,18.6225
TPU,Cylinder,39.56,1.54,226.8,3.3935,3.7195,3.3931,3.957,4.2722,4.1475,4.5947,4.816,4.7998
Rubber,Sphere,19.31,5.11,246.51,1.5698,2.7762,5.6428,4.1577,5.4945,7.6616,6.8753,7.914,9.4625
Rubber,Cylinder,26.58,0.71,106.11,1.5646,1.7932,1.5054,1.7128,2.065,1.871,2.1071,2.4,2.2815
Silicone,Beam,52.75,0.8,315.27,3.3855,4.117,3.7752,4.5908,5.1578,4.8971,5.6278,6.1313,6.2627
Silicone,Beam,20.35,5.78,182.58,1.4206,4.006,4.9293,3.9124,6.1301,6.9927,6.6516,8.2493,9.0648
TPU,Beam,13.56,5.7,497.84,5.6481,10.4749,13.1523,12.3271,16.4014,18.8304,18.9244,22.2787,24.4949
TPU,Beam,13.45,8.79,242.69,5.5569,4.6418,4.5287,8.0529,7.8028,7.8555,10.6661,10.8153,11.3035
Silicone,Sphere,57.04,5.62,245.51,0.3117,2.6474,3.9449,2.4162,4.3453,5.4255,4.5616,6.0814,6.8089
TPU,Cylinder,35.35,9.6,285.1,4.3565,0.8714,1.3404,5.2606,2.9359,3.4948,6.1921,4.9931,5.4866
Silicone,Sphere,30.47,0.58,458.79,9.405,11.6043,12.6104,14.7368,16.806,17.9451,20.0308,21.9546,23.4954
TPU,Cylinder,50.54,1.07,401.4,4.0992,4.9194,4.2276,5.0309,5.6896,5.4785,6.0575,6.5393,6.5747
Silicone,Cylinder,51.79,0.54,228.31,2.5735,3.1959,3.0295,3.6043,4.1514,4.1892,4.695,5.1554,5.2362
Silicone,Cylinder,26.61,1.93,360.76,7.883,8.6259,9.7559,11.1455,11.9593,12.9181,14.2527,15.2224,16.2699
Silicone,Sphere,44.68,5.46,295.19,1.4391,3.8547,5.9808,4.4409,6.4188,8.2549,7.6355,9.1169,10.4228
TPU,Cylinder,48.56,6.49,248.72,0.01,3.2129,1.8167,1.0743,3.6601,2.9071,2.3484,4.2006,3.8611
TPU,Sphere,42.73,0.55,100.2,1.4102,1.6387,1.5928,1.7577,2.1872,2.0948,2.2964,2.5754,2.481
TPU,Beam,17.58,9.47,234.65,5.1111,2.2477,2.8231,6.6478,4.9263,5.5164,8.2902,7.5053,8.2048
Silicone,Beam,53.79,8.44,126.68,1.4482,1.2311,0.0816,1.9384,1.6846,1.079,2.2382,2.2207,1.9807
TPU,Cylinder,36.95,3.04,457.85,5.1241,3.6362,7.2342,6.9573,6.094,8.7867,8.8631,8.5287,10.4305
TPU,Sphere,24.12,0.86,171.03,3.6092,4.3879,4.4179,5.1289,5.8749,5.889,6.6573,7.203,7.4614
Silicone,Beam,31.26,1.78,476.37,8.1237,8.9405,9.5506,11.0632,11.9398,12.6337,14.0384,14.9125,15.7819
Rubber,Sphere,11.88,1.36,268.86,7.6378,9.0325,9.4887,11.0368,12.4298,12.9846,14.535,15.8153,16.7239
Silicone,Sphere,16.39,1.32,317.61,12.5497,15.0138,16.4534,19.2483,21.7103,23.4345,26.0076,28.3052,30.255
TPU,Cylinder,48.28,5.23,273.76,0.01,0.8939,3.089,1.2505,2.2592,3.9037,2.705,3.5314,4.7063
Silicone,Beam,10.0,2.53,69.04,3.423,3.3307,4.4224,4.7623,4.8595,5.6245,6.1877,6.4383,7.2169
Rubber,Cylinder,30.83,3.65,191.03,1.5623,0.1789,3.1739,2.323,1.3041,3.5184,3.0131,2.5786,3.8614
Silicone,Cylinder,36.13,9.9,54.08,1.6657,0.01,0.1784,1.7546,0.5839,0.8419,1.7927,1.222,1.3468
TPU,Beam,12.73,6.87,313.36,4.0706,9.1475,7.8505,8.4388,12.4153,11.8616,12.8516,15.7941,15.9318
Rubber,Beam,58.65,9.49,226.2,2.5242,0.01,0.01,2.5154,0.0356,0.2088,2.3909,0.9302,1.204
TPU,Sphere,21.31,1.51,390.1,9.0799,10.4114,11.0592,12.9284,14.3564,15.2587,16.9793,18.2617,19.3595
Rubber,Beam,25.21,3.88,114.13,0.8127,0.01,2.1592,1.3238,0.6376,2.1889,1.786,1.4761,2.4975
Rubber,Sphere,25.2,5.59,86.46,0.01,0.8577,1.5215,0.5629,1.4682,2.0732,1.5302,2.1435,2.6179
Silicone,Sphere,21.52,0.86,206.13,6.3746,7.7037,8.1734,9.641,10.914,11.6322,12.9257,14.2508,14.9297
Silicone,Sphere,10.07,0.14,463.66,25.2906,30.9785,36.6728,42.4169,48.2346,50.0,50.0,50.0,50.0
TPU,Beam,46.47,6.74,356.66,0.01,4.2008,2.1202,1.6172,4.9447,3.4602,3.3614,5.4495,4.9241
Silicone,Cylinder,58.34,6.45,212.37,0.01,3.0796,2.0632,1.1204,3.7947,3.0311,2.6447,4.4332,4.1963
Silicone,Sphere,21.21,4.17,261.05,6.284,6.2741,11.2535,11.0063,11.5333,15.3109,15.718,16.639,19.5151
Rubber,Cylinder,43.15,4.95,46.69,0.01,0.01,0.7206,0.01,0.01,0.7213,0.2384,0.2553,0.6797
Silicone,Cylinder,47.09,4.21,492.37,3.5581,2.6653,8.1752,6.7181,6.2803,10.604,9.8642,10.0289,12.8609
Rubber,Beam,52.42,0.34,334.87,1.7232,2.163,1.8593,2.2514,2.602,2.58,2.7806,3.0221,3.0788
Rubber,Cylinder,31.13,3.42,146.28,1.5194,0.2632,2.662,1.9859,1.0713,2.8012,2.4371,2.0033,2.9567
Rubber,Cylinder,25.15,1.85,294.98,4.538,4.6175,4.6936,5.3083,5.5287,5.8381,6.4133,6.595,6.774
TPU,Beam,26.26,1.07,59.19,1.4208,1.5051,1.1913,1.3928,1.5524,1.3694,1.5533,1.7166,1.6735
TPU,Sphere,45.63,9.57,483.09,6.7044,2.3841,3.1555,8.5593,5.741,6.5176,10.4815,9.0666,9.9821
TPU,Cylinder,50.84,6.03,91.52,0.01,0.9705,0.8069,0.01,1.1771,1.2302,0.4727,1.4931,1.4441
Rubber,Beam,19.08,7.31,325.78,1.9068,5.4067,3.1161,3.9287,6.8892,5.2919,6.1886,8.1031,7.5518
TPU,Cylinder,28.55,3.22,126.5,2.0125,0.9853,2.9991,2.646,1.9413,3.4473,3.2167,2.9334,3.8034
TPU,Cylinder,55.1,3.99,360.19,1.5965,0.0975,4.4737,2.8884,1.9319,5.0928,4.1562,3.8085,5.7447
Silicone,Sphere,50.33,2.45,389.53,6.5691,6.1058,8.019,8.8967,8.7366,10.4426,11.106,11.4701,12.6222
TPU,Cylinder,59.24,1.06,338.34,3.3796,3.9117,3.2372,4.0047,4.3779,4.063,4.5447,4.8607,4.6957
TPU,Beam,47.71,1.87,309.18,3.8273,3.7452,3.6722,4.2461,4.2328,4.2952,4.6912,4.8044,4.761
Rubber,Cylinder,29.66,8.0,446.77,3.1099,4.9758,2.4424,5.09,6.5267,4.9962,6.996,8.1492,7.4955
Rubber,Sphere,39.53,6.81,43.92,0.01,1.1406,0.2202,0.01,0.9406,0.5392,0.4284,0.9972,0.811
Rubber,Sphere,43.05,5.51,168.8,0.01,0.8804,2.0254,0.5286,1.5999,2.4725,1.5938,2.4601,3.0159
Rubber,Beam,13.92,4.8,127.9,0.5704,0.6809,3.0161,1.8356,2.0079,3.8538,3.0227,3.4438,4.6399
Rubber,Sphere,37.22,9.23,494.07,5.9687,2.4298,2.5964,7.5704,5.1414,5.5637,9.2999,7.9656,8.7452
Rubber,Cylinder,45.47,0.82,197.75,1.9477,2.2789,1.7727,2.1594,2.556,2.1921,2.4264,2.7536,2.5946
TPU,Sphere,18.37,2.88,367.64,9.0432,8.8054,12.5369,13.5808,13.8786,16.9985,18.104,19.0034,21.405
Rubber,Beam,49.03,3.56,343.94,1.9169,0.01,3.6877,2.3837,1.0943,3.7071,3.0237,2.386,4.0354
Rubber,Sphere,39.19,7.85,109.98,0.6471,1.7046,0.2647,1.2322,2.0994,1.0539,1.6881,2.2443,1.7855
Silicone,Sphere,57.61,9.93,123.3,2.6637,0.1193,0.501,3.0868,1.3488,1.7297,3.3897,2.4543,2.7794
TPU,Sphere,12.12,2.48,144.24,5.7637,5.8326,7.5236,8.3745,8.7105,10.2559,10.865,11.499,12.6682
TPU,Beam,23.27,8.76,208.51,3.3851,2.2334,1.6164,4.562,3.6749,3.5819,5.5533,5.2417,5.3464
TPU,Sphere,40.08,8.32,120.99,1.5926,1.6027,0.5919,2.2097,2.3478,1.6582,2.8106,2.9763,2.7902
Rubber,Sphere,24.83,2.32,14.73,0.6215,0.3802,0.5612,0.6374,0.4831,0.6712,0.6538,0.402,0.5508
Rubber,Cylinder,45.72,4.05,440.3,1.5529,0.01,4.6712,2.8269,1.7667,5.3601,4.1943,3.7625,6.0299
Rubber,Beam,47.95,4.16,482.98,1.0926,0.01,4.4716,2.3754,1.3867,4.9497,3.6028,3.1562,5.4243
Silicone,Sphere,15.13,9.78,174.08,7.9611,6.1663,7.7257,11.7441,10.9014,12.3892,15.7696,15.6812,17.2271
Rubber,Beam,35.69,1.89,172.56,2.5708,2.3001,2.3535,2.6191,2.4227,2.4041,2.7129,2.6447,2.6388
Silicone,Sphere,35.44,8.01,8.51,0.113,0.2847,0.01,0.2376,0.3424,0.1172,0.4688,0.3749,0.2731
TPU,Sphere,28.46,3.41,341.72,5.2717,4.0494,8.2572,7.9504,7.5555,10.6602,10.7055,10.8111,13.0779
Rubber,Sphere,56.65,7.34,413.59,0.7412,4.6296,1.7284,2.3011,5.2141,3.2353,3.9016,5.8028,4.8451
Silicone,Cylinder,51.38,4.26,77.57,0.3087,0.01,1.7081,0.906,0.3286,1.9391,1.3435,1.2388,2.0184
Silicone,Cylinder,44.86,5.83,84.03,0.01,1.0119,1.3773,0.428,1.5306,1.8352,1.2464,2.0064,2.228
Rubber,Cylinder,45.72,8.34,396.09,2.6683,2.5643,0.5931,3.5478,3.4814,2.2484,4.3709,4.5208,4.0905
TPU,Beam,33.09,8.06,310.06,2.5553,3.7713,1.7194,3.9674,5.02,3.7265,5.4309,6.1134,5.7504
TPU,Beam,56.05,8.68,27.21,0.5433,0.0614,0.01,0.4887,0.0657,0.01,0.4907,0.2077,0.1049
TPU,Cylinder,44.73,0.69,313.16,3.1238,3.7503,3.2745,4.1023,4.61,4.4672,5.0147,5.5808,5.6762
Silicone,Beam,46.45,6.95,157.91,0.1154,2.9431,1.2342,1.2169,3.3202,2.2659,2.2627,3.66,3.1648
Silicone,Sphere,53.08,1.49,187.52,3.6018,3.9846,3.8086,4.4052,4.8947,4.7617,5.2952,5.6907,5.7963
Silicone,Sphere,23.7,4.22,386.02,8.228,8.5107,14.5704,14.5324,15.2977,20.2084,20.7482,22.0946,25.7202
Silicone,Sphere,50.35,5.53,406.41,1.939,4.9394,7.1891,5.5956,8.0063,10.0106,9.2698,11.21,12.7873
TPU,Cylinder,19.76,4.09,203.18,2.6746,1.8014,5.4667,4.5272,4.1827,6.9635,6.5076,6.4636,8.4518
Rubber,Beam,27.27,5.24,473.84,0.3973,2.1301,5.3304,2.933,4.498,6.8583,5.5438,6.9068,8.4989
Silicone,Cylinder,26.78,9.97,206.2,4.9946,2.1433,3.1142,6.6276,4.8542,5.6383,8.2973,7.4635,8.3991
Silicone,Beam,58.93,1.44,387.06,4.6559,5.1966,4.7841,5.6863,6.1106,5.8429,6.6102,6.9975,6.9797
TPU,Sphere,52.83,6.79,244.52,0.0831,3.8294,2.1043,1.6727,4.4156,3.4106,3.3141,5.0968,4.5867
Rubber,Cylinder,45.06,4.02,449.28,1.6934,0.01,4.8794,3.0795,1.9508,5.5305,4.4076,3.9504,6.162
Rubber,Beam,46.35,1.42,454.34,4.0685,4.4806,3.8283,4.5429,4.8852,4.5217,5.0787,5.2978,5.0652
TPU,Beam,38.1,1.67,48.27,1.199,1.1789,0.977,1.1355,1.2024,1.0252,1.0947,1.1622,1.0446
TPU,Sphere,57.35,9.5,468.56,5.6386,1.4764,1.9925,6.9683,4.1424,4.7458,8.2682,6.7885,7.5
Rubber,Cylinder,34.81,8.81,413.64,4.0646,2.1476,1.1956,5.1156,3.9088,3.4719,6.2866,5.5523,5.7103
Silicone,Cylinder,29.03,9.08,396.7,7.6116,5.5823,6.0618,11.0244,9.8419,10.5798,14.2649,14.0004,15.0725
Rubber,Cylinder,18.15,9.92,104.45,2.3578,0.1208,0.5576,2.7763,1.2348,1.5967,3.2063,2.3482,2.7742
TPU,Sphere,49.31,2.16,403.53,5.5535,5.2196,6.2054,6.9316,6.8224,7.633,8.285,8.4083,9.1458
Silicone,Cylinder,46.72,3.62,425.82,4.3142,2.7242,7.6325,6.7545,5.8273,9.373,9.0631,8.8616,11.2771
Silicone,Sphere,29.22,6.73,148.13,1.556,4.644,3.7122,3.766,6.1904,5.6817,5.8665,7.7657,7.6864
TPU,Sphere,11.26,4.89,476.37,13.2529,16.7313,23.7871,24.3628,27.9545,33.9693,35.4905,39.0797,44.0023
TPU,Sphere,51.95,4.24,29.68,0.0522,0.01,0.8001,0.2725,0.01,0.7561,0.4292,0.243,0.7582
TPU,Beam,10.57,3.64,79.21,1.9627,1.3837,3.4277,3.1297,2.7904,4.427,4.3425,4.2879,5.3449
Rubber,Cylinder,45.18,5.98,271.1,0.01,1.8804,1.9779,0.475,2.5309,2.7321,1.7347,3.2507,3.2627
Rubber,Cylinder,58.51,5.8,290.02,0.01,1.2942,1.7704,0.01,1.9696,2.3257,1.2157,2.5616,2.8071
Silicone,Sphere,31.88,1.7,324.35,7.7785,8.8094,9.5012,11.1399,11.9938,12.8621,14.2993,15.3494,16.1992
TPU,Sphere,21.75,4.77,13.4,0.01,0.01,0.6422,0.1503,0.2087,0.6914,0.4128,0.4381,0.667
Silicone,Cylinder,45.24,5.58,480.38,1.5938,4.9462,7.0806,5.268,8.0729,9.8173,8.9469,11.0839,12.5861
Silicone,Sphere,50.86,5.75,27.07,0.01,0.3157,0.5904,0.01,0.5883,0.6902,0.4116,0.7445,0.8582
Silicone,Cylinder,37.32,2.18,75.82,1.8796,1.7638,1.9873,2.143,2.1027,2.3144,2.5454,2.495,2.7101
Silicone,Beam,58.35,7.45,11.94,0.01,0.4725,0.01,0.01,0.4023,0.01,0.101,0.3834,0.1137
TPU,Sphere,12.58,0.35,285.59,8.7639,10.823,12.3226,14.3,16.2688,17.9136,19.7741,21.7802,23.4658
Silicone,Cylinder,35.24,3.61,466.47,6.1239,4.7201,10.1146,9.6262,8.9852,13.102,13.0684,13.1942,16.1427
TPU,Sphere,45.92,7.82,334.64,2.6382,4.8041,2.4783,4.4672,6.2927,4.7864,6.2899,7.6028,6.861
TPU,Cylinder,53.13,5.68,412.22,0.01,2.4065,3.7388,1.6399,3.9965,4.9938,3.7886,5.4588,6.1465
Rubber,Cylinder,18.96,2.69,11.57,0.5279,0.2184,0.5113,0.4803,0.2091,0.4918,0.4842,0.3649,0.4797
TPU,Sphere,50.0,6.98,273.3,0.5484,4.3468,2.3226,2.3364,5.0915,3.8767,4.0887,5.9494,5.4112
Rubber,Beam,37.64,5.72,232.48,0.01,1.1981,1.9933,0.1588,1.8659,2.428,1.4091,2.7281,3.0222
TPU,Cylinder,29.83,7.98,251.99,2.5021,4.0027,2.0162,3.946,5.1896,4.0122,5.4639,6.4815,6.1065
TPU,Cylinder,16.59,7.38,40.75,0.4467,1.5851,0.7041,0.8224,1.8662,1.2247,1.4644,2.0333,1.7878
TPU,Cylinder,53.26,6.14,343.8,0.01,3.2727,2.6822,1.192,4.0243,3.7528,3.0975,5.0325,5.1063
Rubber,Beam,17.86,4.93,254.09,0.8585,1.4553,4.5487,2.7133,3.4938,5.7118,4.8146,5.4747,6.8501
Rubber,Beam,25.49,1.42,383.75,4.6982,5.3059,4.9324,5.8133,6.3759,6.2371,6.8645,7.4275,7.5549
Silicone,Sphere,24.5,2.69,245.22,7.0644,6.9701,9.5982,10.3661,10.6945,12.8635,13.7547,14.2754,16.0028
Rubber,Beam,53.57,4.25,78.94,0.01,0.01,1.1973,0.2119,0.01,1.1473,0.3739,0.2314,0.9821
Rubber,Sphere,43.64,6.03,325.89,0.01,3.0319,2.9818,1.492,4.1899,4.2252,3.3087,5.2381,5.5216
Rubber,Sphere,49.83,5.19,90.33,0.01,0.01,1.2061,0.01,0.4194,1.39,0.5924,0.9328,1.3947
Rubber,Beam,22.52,2.95,436.84,5.1205,3.5375,6.9147,6.6509,5.7552,8.2781,8.4375,8.019,9.7813
Silicone,Sphere,41.24,0.16,308.49,4.2435,5.3932,6.06,7.0655,8.0294,8.81,9.7994,10.7335,11.6387
Rubber,Beam,38.59,5.01,82.82,0.01,0.01,1.0692,0.01,0.0892,1.2166,0.4212,0.5664,1.1756
TPU,Sphere,51.64,2.93,481.36,5.4789,3.964,7.2064,7.2495,6.3419,8.852,8.9658,8.7378,10.4895
TPU,Beam,55.3,7.37,261.59,0.418,3.153,0.7824,1.3616,3.4503,1.7567,2.2446,3.6422,2.8271
Rubber,Beam,10.61,0.34,41.08,0.8334,1.0628,1.0114,1.2852,1.3938,1.383,1.5828,1.6832,1.8423
Rubber,Sphere,43.7,5.89,315.28,0.01,2.7194,3.0983,1.3869,3.8877,4.2042,3.2313,4.9575,5.3578
TPU,Cylinder,12.59,9.42,130.33,4.2789,2.3137,2.84,5.7728,4.5779,5.236,7.3731,6.8506,7.5913
TPU,Sphere,37.44,1.83,402.83,6.524,6.8958,7.444,8.456,8.9018,9.5721,10.5586,11.0495,11.7165
Silicone,Beam,24.38,4.77,409.82,4.185,5.1691,10.0889,8.758,9.783,13.5682,13.1857,14.425,17.2555
TPU,Cylinder,25.34,1.01,489.58,7.2753,8.7411,8.782,10.3963,11.8006,12.1045,13.5011,14.6037,15.2714
TPU,Sphere,27.65,6.29,253.43,1.31,5.1923,4.7915,4.1813,7.187,7.0729,6.9542,9.1723,9.4464
Rubber,Sphere,41.06,5.55,230.2,0.01,1.4989,2.6227,0.9632,2.4794,3.4506,2.4941,3.5603,4.2729
TPU,Sphere,26.7,4.13,377.97,4.7125,3.9697,9.2754,8.2815,8.2149,12.1861,12.0422,12.379,15.2815
Silicone,Cylinder,46.63,5.26,70.57,0.01,0.3595,1.3932,0.3126,0.9354,1.6172,1.102,1.4522,1.8545
TPU,Beam,30.23,8.98,275.72,3.7848,1.7334,1.363,4.817,3.4171,3.3203,5.9181,5.1446,5.4396
Rubber,Sphere,13.42,2.04,275.39,7.375,7.8662,9.0483,10.3822,11.0765,12.193,13.3996,14.2406,15.2829
Rubber,Sphere,49.19,0.32,49.29,0.4129,0.6324,0.4791,0.5645,0.7281,0.6317,0.773,0.7805,0.8827
TPU,Sphere,24.29,8.63,211.9,4.2341,3.7642,3.1553,6.1477,5.9866,5.84,8.0675,8.3498,8.391
Rubber,Sphere,31.64,5.81,427.38,0.6461,4.4768,5.4006,3.8531,6.7495,7.7479,6.8281,9.0721,9.8505
Silicone,Sphere,44.27,8.92,428.8,7.2773,5.4958,5.5034,10.2918,9.4086,9.7087,13.5073,13.2685,14.1235
Silicone,Beam,26.62,6.01,54.12,0.01,1.1575,1.1785,0.3879,1.5479,1.6324,1.1759,2.0595,2.1069
TPU,Beam,12.83,8.12,49.91,1.1421,1.4046,0.7095,1.7343,2.0465,1.5424,2.2747,2.5839,2.3656
TPU,Sphere,28.7,4.35,135.03,1.1273,0.726,3.5228,2.4283,2.3084,4.3343,3.8976,3.8566,5.2985
TPU,Cylinder,57.22,7.52,438.01,1.2731,4.8845,1.7467,2.9636,5.7115,3.5266,4.6445,6.3721,5.4037
Rubber,Beam,42.09,9.14,68.81,1.1717,0.01,0.01,1.1631,0.0204,0.01,1.1353,0.3803,0.4065
Silicone,Cylinder,43.57,5.76,361.4,0.9942,4.2558,5.4855,3.8803,6.6598,7.6275,6.8389,8.8892,9.7463
Silicone,Beam,41.61,1.89,55.08,1.4603,1.2938,1.3929,1.4887,1.4263,1.4538,1.584,1.5017,1.5235
Rubber,Sphere,19.95,2.76,313.45,5.7259,5.0319,7.5972,8.0926,7.7899,9.8231,10.3908,10.4375,11.9226
Silicone,Beam,30.92,2.07,181.25,3.72,3.6306,4.2094,4.871,4.8407,5.1212,5.6877,5.9011,6.2358
TPU,Sphere,47.55,2.54,395.51,5.2976,4.4333,6.5495,6.8825,6.3873,7.8427,8.3037,8.2743,9.2415
TPU,Beam,15.07,3.13,120.68,2.8186,1.8838,3.9064,3.738,3.3529,4.7529,4.8613,4.6704,5.7623
TPU,Sphere,23.89,5.6,321.4,2.5427,5.7648,7.7472,6.5969,9.2166,11.0097,10.5337,12.6287,14.1389
Silicone,Sphere,23.82,5.92,121.66,1.2859,3.6283,4.2447,3.6476,5.5327,6.1089,5.8608,7.3756,7.9653
TPU,Sphere,31.6,4.32,358.26,3.4043,2.8069,7.7372,6.3611,6.3377,10.0111,9.4599,9.7624,12.2409
Rubber,Sphere,59.02,6.19,437.47,0.01,3.5705,2.7932,1.1726,4.4671,4.137,3.2269,5.3967,5.4075
Rubber,Cylinder,13.38,0.91,67.77,1.7243,2.0878,1.8381,2.1737,2.4191,2.3498,2.6247,2.8539,2.8748
Silicone,Sphere,35.94,0.97,433.96,8.4021,10.2455,10.5896,12.4569,14.1176,14.7819,16.5012,17.9817,19.0527
Rubber,Cylinder,18.97,1.8,298.82,5.2117,5.5903,5.7836,6.6837,7.0622,7.4018,8.1866,8.5571,8.9896
Rubber,Cylinder,58.53,5.23,67.92,0.01,0.01,0.7555,0.01,0.0717,0.6777,0.0405,0.3887,0.7465
Silicone,Sphere,15.67,2.22,216.63,9.3587,10.3011,12.362,14.1126,15.2557,17.11,18.8187,20.0482,21.8778
TPU,Cylinder,30.18,2.9,84.63,1.689,0.8477,2.0668,1.8924,1.4514,2.3225,2.2768,1.9154,2.5221
TPU,Beam,46.89,4.06,351.67,1.4951,0.0362,4.4054,2.7121,1.7727,4.9825,4.0761,3.5659,5.6664
TPU,Sphere,45.23,8.14,380.64,3.5579,4.6949,2.7274,5.6039,6.5647,5.4053,7.5958,8.3258,7.9889
Silicone,Cylinder,31.14,0.24,57.37,0.9336,1.1193,1.1973,1.3969,1.5625,1.6178,1.8833,1.9593,2.1876
Rubber,Sphere,27.33,6.53,255.54,0.5984,4.3286,3.2712,2.6533,5.6116,4.9326,4.6863,6.8247,6.6776
TPU,Sphere,29.88,6.72,408.24,2.8986,8.2347,6.7446,6.872,10.945,10.2705,10.807,13.6937,13.7909
TPU,Sphere,23.21,8.01,468.4,7.6275,10.4352,8.9224,12.6501,15.0309,14.519,17.5689,19.7182,20.0875
Silicone,Cylinder,20.27,9.33,259.19,7.0411,4.998,5.8432,10.1201,8.9486,10.0098,13.395,12.9997,14.0497
TPU,Beam,34.15,0.3,475.39,3.8145,4.8092,5.1034,5.9594,6.8652,7.167,8.0815,8.8053,9.3992
Silicone,Beam,23.43,1.62,270.17,5.996,6.7732,7.1828,8.2476,9.0789,9.5178,10.5677,11.3242,11.8355
Rubber,Cylinder,24.37,8.87,200.12,2.8709,1.2874,0.8605,3.6053,2.6485,2.2998,4.3456,3.8197,3.882
Silicone,Sphere,42.84,4.64,424.86,3.9064,4.3477,9.3801,8.0216,8.7234,12.6647,12.1688,13.0914,15.8877
Silicone,Cylinder,58.43,5.69,249.03,0.01,2.0461,3.0523,1.4145,3.2729,4.098,3.027,4.5193,5.0628
Silicone,Cylinder,40.18,6.66,238.59,0.8263,4.5314,3.2565,2.821,5.7523,4.914,4.9814,7.055,6.8423
Silicone,Cylinder,13.85,6.82,247.7,5.6989,10.747,10.1485,11.1312,15.1702,15.3388,16.6551,19.8337,20.4802
Rubber,Sphere,13.78,9.32,424.16,10.1863,7.8063,9.1343,15.0329,13.7921,15.2093,19.7321,19.6507,21.3184
Rubber,Cylinder,57.57,9.97,416.81,4.0136,0.01,0.01,4.3483,0.9634,1.4438,4.5149,2.5109,3.0935
TPU,Sphere,24.86,7.23,204.74,2.1304,5.3354,3.5934,4.2699,6.9567,6.0182,6.6789,8.5397,8.1699
Rubber,Cylinder,14.6,2.94,169.98,3.5107,2.5351,4.653,4.6059,4.0723,5.7698,5.9042,5.733,6.7891
Rubber,Beam,39.95,8.81,248.5,2.4595,0.7731,0.01,2.7964,1.5699,1.0423,3.1118,2.4003,2.317
TPU,Cylinder,41.18,0.59,288.52,2.977,3.522,3.2738,3.949,4.4678,4.4339,4.9694,5.4388,5.6031
Rubber,Cylinder,42.43,2.39,122.98,1.8495,1.2989,1.8881,1.8799,1.5267,1.8408,2.022,1.6966,1.9344
Silicone,Beam,23.37,8.98,398.01,8.0782,6.2414,6.5757,11.5198,10.61,11.2617,15.1877,15.0081,16.1074
Silicone,Sphere,10.76,2.64,245.81,14.0377,15.7645,19.6444,22.2593,24.0913,27.7232,30.3173,32.4983,35.7663
TPU,Sphere,58.25,2.28,170.35,2.6734,2.2468,2.7846,2.9858,2.6371,3.1459,3.4438,3.1777,3.535
TPU,Cylinder,22.54,1.47,57.88,1.6362,1.7991,1.5609,1.849,1.97,1.8664,2.0945,2.207,2.1553
TPU,Beam,43.8,8.61,123.23,1.3895,0.8302,0.01,1.7079,1.221,0.6745,1.9954,1.6863,1.433
Silicone,Sphere,45.33,5.05,474.89,3.4092,5.3075,9.7073,7.9367,9.6721,13.1823,12.5067,14.1495,16.552
Rubber,Cylinder,40.5,6.78,156.02,0.01,2.2123,0.6717,0.368,2.4597,1.3605,1.1187,2.4875,1.9314
Silicone,Beam,25.65,2.47,88.59,2.314,1.989,2.7576,2.8444,2.6853,3.1897,3.3845,3.3863,3.8592
TPU,Sphere,23.55,7.6,233.03,3.25,6.0294,4.288,5.7046,7.9609,7.022,8.3343,9.9845,9.8277
Rubber,Sphere,39.88,7.62,157.01,0.6978,2.5398,0.6367,1.5751,2.846,1.6025,2.1368,3.1149,2.5794
Rubber,Beam,53.3,3.19,22.4,0.3856,0.01,0.6015,0.3634,0.01,0.4737,0.3668,0.0916,0.3876
Silicone,Beam,57.34,4.17,164.96,0.5403,0.01,2.6798,1.3309,0.8262,2.8888,2.1424,2.0778,3.1636
TPU,Beam,15.3,2.18,274.33,6.3109,6.4619,7.64,8.6788,8.987,10.1059,10.9453,11.5275,12.4348
Silicone,Beam,17.74,9.77,278.1,7.6658,4.7499,6.1096,10.9021,9.1592,10.5523,14.0192,13.5079,14.8945
Rubber,Cylinder,57.24,6.49,181.5,0.01,1.9136,0.6791,0.01,1.9911,1.0532,0.7192,2.0223,1.7003
Silicone,Beam,46.83,9.35,226.41,3.5039,0.75,0.844,4.2287,2.213,2.6241,4.7768,3.8289,4.1947
Silicone,Sphere,54.15,3.1,482.93,6.5907,5.1983,9.3749,9.5769,8.793,11.9967,12.2736,12.3746,14.5807
TPU,Sphere,20.13,7.84,191.79,3.4693,5.3736,3.9618,5.7596,7.4804,6.8162,8.1645,9.6075,9.4012
TPU,Cylinder,39.38,7.68,132.82,0.6716,2.2948,0.5616,1.4006,2.534,1.4408,2.1059,2.7905,2.289
Rubber,Sphere,45.06,6.95,125.52,0.01,2.1745,0.6438,0.5755,2.3244,1.2379,1.2278,2.4359,1.8857
Silicone,Sphere,44.01,9.66,231.59,4.7921,1.8518,2.5949,6.3852,4.31,5.0377,7.7898,6.7865,7.5102
Silicone,Beam,30.41,4.0,380.96,4.2863,3.1045,8.3,7.2607,6.7831,10.6672,10.3413,10.4882,13.0706
Silicone,Sphere,10.77,1.39,106.96,6.6404,7.8765,8.594,10.0979,11.2792,12.0785,13.4058,14.5289,15.6029
Rubber,Cylinder,39.15,6.75,356.1,0.01,4.1281,2.0159,1.5562,4.8306,3.4941,3.1514,5.3968,4.6987
Rubber,Beam,22.66,7.32,15.47,0.01,0.5438,0.01,0.1059,0.644,0.0507,0.1521,0.508,0.2228
TPU,Beam,32.51,5.79,212.37,0.01,1.9953,2.5755,1.2074,3.1118,3.5526,2.7109,4.0408,4.4326
TPU,Cylinder,57.88,2.15,389.05,4.3986,3.9555,4.4878,4.9724,4.6321,5.1601,5.4525,5.4328,5.8798
TPU,Beam,29.95,5.09,172.67,0.01,0.6478,2.7387,1.3595,1.9191,3.4154,2.4896,3.0393,4.0319
Silicone,Beam,51.99,3.19,284.05,3.2091,1.731,4.5382,4.0936,3.1879,5.4355,5.1425,4.6897,6.0835
Silicone,Cylinder,19.43,4.33,106.46,1.7458,1.413,4.2143,3.5469,3.3897,5.4499,5.1136,5.2643,6.7289
TPU,Beam,43.62,6.49,372.29,0.01,4.0879,2.6473,1.808,5.0662,4.1596,3.6454,5.8889,5.5655
Silicone,Cylinder,58.85,7.48,30.88,0.0269,0.9437,0.01,0.2704,0.7554,0.2328,0.3754,0.8141,0.4496
TPU,Cylinder,15.09,2.4,427.01,10.2215,10.691,13.2663,14.8299,15.4832,18.0526,19.3912,20.5527,22.5501
Rubber,Sphere,10.42,4.11,103.11,2.2843,1.8516,4.6785,4.1022,3.8799,6.0024,5.7645,6.0884,7.4921
TPU,Sphere,31.68,2.76,437.83,7.1914,6.3952,9.5913,9.9951,9.7952,12.182,12.9294,13.0999,15.0465
Rubber,Beam,14.63,2.07,179.5,3.7556,3.7042,4.242,4.6352,4.7235,5.2245,5.6593,5.67,6.205
Silicone,Beam,47.42,7.86,362.73,2.6864,4.8639,2.3803,4.541,6.2494,4.7268,6.355,7.6318,6.9661
TPU,Cylinder,55.73,9.1,163.02,2.1682,0.1425,0.01,2.3013,1.0096,0.8002,2.608,1.622,1.7691
Silicone,Beam,31.7,3.77,453.43,5.3632,4.0016,9.4294,8.6779,8.1068,12.3036,11.9888,12.1431,14.9873
Rubber,Cylinder,22.94,7.54,67.69,0.3618,1.4998,0.3172,0.846,1.6284,0.8711,1.2201,1.743,1.3978
Rubber,Cylinder,31.72,8.98,93.37,1.4823,0.1667,0.01,1.6651,0.7053,0.6204,1.7669,1.2793,1.2328
Rubber,Beam,46.17,8.48,249.05,1.8155,1.2675,0.01,2.2601,1.7729,0.8621,2.5222,2.4285,1.9272
Silicone,Cylinder,10.45,1.91,45.56,2.6494,2.8763,3.147,3.6734,3.92,4.1836,4.6793,4.9405,5.2079
Silicone,Sphere,39.47,9.57,102.01,2.6349,0.5675,0.9133,3.3055,1.927,2.1565,3.948,3.1102,3.5959
Silicone,Beam,40.66,3.83,472.16,4.1742,2.7491,7.9754,6.998,6.1135,10.2279,9.6779,9.6091,12.3501
Silicone,Sphere,41.88,3.46,488.36,7.423,6.1644,11.5112,11.4745,11.0766,15.096,15.5688,15.7859,18.8372
Rubber,Beam,22.1,0.72,191.25,2.2724,2.8447,2.6208,2.9998,3.5405,3.4022,3.785,4.1176,4.2476
Rubber,Cylinder,45.7,4.91,462.03,0.01,0.4828,4.3361,1.824,2.2606,5.2011,3.549,4.199,5.9815
TPU,Beam,14.57,1.18,274.69,6.1604,7.265,7.4546,8.6911,9.7581,10.1036,11.2219,12.2975,12.8448
TPU,Sphere,19.96,2.56,138.52,3.8789,3.5163,4.9196,5.2946,5.2184,6.2356,6.7278,6.8089,7.499
Silicone,Cylinder,53.87,3.24,352.69,3.9203,2.3959,5.8526,5.4663,4.5104,7.1535,7.0148,6.5517,8.4244
Rubber,Beam,46.94,8.11,331.16,1.5683,2.5543,0.0699,2.2845,2.946,1.4446,2.8612,3.4568,2.6819
Rubber,Beam,10.69,8.77,494.62,9.469,8.7155,8.6388,14.1645,14.0027,14.7084,18.848,19.5063,20.547
Rubber,Beam,22.42,3.09,136.2,1.876,0.8969,2.6677,2.3742,1.5999,2.9833,2.7971,2.5327,3.2585
TPU,Sphere,20.72,8.6,337.67,7.2436,7.1133,6.7954,11.0273,11.2361,11.3242,14.6633,15.4111,16.035
TPU,Sphere,23.54,8.59,30.75,0.8778,0.5715,0.0946,1.0964,0.9229,0.7023,1.2826,1.2105,1.0836
Rubber,Beam,22.38,7.67,61.25,0.3031,1.297,0.134,0.6568,1.4476,0.5782,1.0266,1.4963,1.07
Rubber,Cylinder,13.13,1.55,6.94,0.3926,0.4686,0.3774,0.3463,0.3779,0.3077,0.4413,0.3861,0.364
Rubber,Cylinder,32.95,6.93,499.73,1.0251,6.1669,3.4107,3.421,7.4184,5.6846,5.9759,8.6651,7.9124
TPU,Sphere,46.64,9.46,402.13,5.6322,1.9401,2.3287,7.1903,4.5326,5.2412,8.6374,7.2566,8.0664
Rubber,Cylinder,40.34,6.86,394.43,0.01,4.4197,2.1743,1.792,5.1388,3.542,3.5668,5.8271,5.0495
Rubber,Sphere,43.64,3.38,257.31,2.3834,0.7589,3.8915,3.1184,2.0479,4.3167,3.9574,3.4667,4.8121
Silicone,Beam,14.06,5.06,153.53,2.4986,3.7731,6.4225,5.4518,6.545,8.7396,8.3848,9.549,11.0825
Silicone,Sphere,57.57,6.49,79.88,0.01,1.6586,1.0025,0.473,1.9733,1.5074,1.219,2.2587,2.1099
TPU,Sphere,51.92,5.15,145.91,0.01,0.4636,2.1856,0.8012,1.3604,2.6664,1.7521,2.3125,3.117
Rubber,Beam,50.25,1.29,191.11,2.1216,2.4399,1.7467,2.2293,2.2977,1.9598,2.201,2.4001,2.1019
Rubber,Cylinder,51.15,3.19,379.37,2.8123,0.8994,4.1268,3.2491,2.1863,4.509,3.9633,3.2991,4.7664
Silicone,Sphere,56.64,8.04,272.13,2.9044,4.2008,2.3591,4.6404,5.7218,4.7765,6.3052,7.278,6.897
TPU,Sphere,37.21,8.63,43.35,0.866,0.4601,0.01,1.0869,0.7814,0.4717,1.2221,0.9861,0.9675
Silicone,Beam,20.01,1.46,13.92,0.7099,0.8141,0.6585,0.6919,0.8483,0.6835,0.8345,0.8361,0.8123
Silicone,Cylinder,40.84,9.53,55.65,1.5003,0.01,0.01,1.6157,0.5181,0.7275,1.7888,1.1281,1.3161
Silicone,Sphere,47.14,3.36,208.2,3.2666,2.0596,5.017,4.7274,3.9428,6.2597,6.0575,5.8786,7.4755
Silicone,Beam,46.9,6.66,466.93,1.2083,6.4313,4.5988,4.1883,8.2555,7.1808,7.1703,10.0527,9.7521
Rubber,Sphere,36.07,7.54,320.51,1.7176,4.7723,2.1298,3.3521,5.6634,4.0738,5.0152,6.6835,5.9008
Rubber,Beam,13.42,8.14,401.9,5.4077,7.1136,5.4437,8.6593,10.0812,9.3013,11.8405,13.2487,13.1586
Silicone,Cylinder,28.56,9.46,235.86,5.3058,2.5645,3.261,7.0849,5.3979,6.106,8.836,8.0803,8.9283
TPU,Cylinder,56.04,3.2,184.02,1.8947,0.5199,2.6983,2.2377,1.2584,2.9077,2.6072,2.1446,3.0302
TPU,Cylinder,39.22,8.6,58.66,0.9135,0.4821,0.01,1.0275,0.8034,0.3077,1.2193,1.0566,0.8945
TPU,Cylinder,36.92,1.4,438.59,5.6578,6.4153,6.2422,7.2271,8.004,7.9251,8.8396,9.4776,9.7181
TPU,Sphere,23.44,7.08,392.66,4.4793,9.8107,8.0388,9.1818,13.318,12.5504,13.7482,16.7545,16.8867
Silicone,Sphere,28.42,7.45,88.22,1.3225,3.1778,1.9475,2.5517,4.0341,3.2011,3.7717,4.793,4.6404
Rubber,Cylinder,54.77,6.81,258.57,0.01,2.8722,0.9197,0.3253,2.9693,1.6067,1.4156,3.1236,2.4546
TPU,Cylinder,43.32,2.6,246.25,3.3953,2.4772,3.7918,3.8836,3.3726,4.3827,4.6236,4.2141,4.8894
Silicone,Cylinder,49.37,8.74,314.42,4.082,2.6933,2.0784,5.5278,4.7264,4.4015,6.8409,6.6437,6.6306
TPU,Sphere,32.72,1.77,473.36,8.0447,8.9433,9.502,10.8835,11.7481,12.5337,13.7186,14.7083,15.5922
TPU,Cylinder,41.51,0.63,291.99,3.0296,3.6459,3.3785,4.0441,4.5694,4.429,4.994,5.4675,5.6753
Silicone,Cylinder,22.42,7.2,272.41,3.8299,8.0849,6.4209,7.5324,10.9063,9.9922,11.2793,13.7864,13.7843
Rubber,Cylinder,45.27,4.81,29.91,0.01,0.01,0.5117,0.01,0.01,0.5836,0.1657,0.0859,0.5027
Rubber,Beam,31.38,8.51,36.14,0.5408,0.2378,0.01,0.617,0.383,0.01,0.7179,0.508,0.3141
Silicone,Cylinder,32.13,3.9,97.74,1.2507,0.4504,2.8166,2.1105,1.5907,3.3793,3.0048,2.8264,3.9083
Rubber,Beam,42.47,1.77,21.07,0.6269,0.5118,0.4438,0.6067,0.5769,0.4026,0.5183,0.3589,0.3788
Silicone,Beam,56.81,8.38,372.96,3.2797,3.3169,1.5382,4.6723,4.7344,3.7271,5.9658,6.1233,5.9085
Silicone,Cylinder,13.2,5.53,363.05,8.8381,13.3214,17.0199,17.132,21.2159,24.5999,25.542,29.0497,32.0423
Silicone,Beam,51.24,1.97,72.35,1.5935,1.4298,1.4619,1.6675,1.6151,1.5539,1.7169,1.5585,1.6812
Rubber,Cylinder,24.62,7.23,418.86,1.9695,6.4263,3.6419,4.4994,7.8353,6.2159,7.0435,9.4422,8.8546
Silicone,Sphere,32.2,5.16,81.62,0.3652,1.0796,2.4511,1.6309,2.2015,3.3402,2.8913,3.3779,4.107
TPU,Sphere,11.1,6.08,154.08,3.3878,6.787,7.4796,7.3183,10.0497,10.8575,11.2615,13.3604,14.3553
Rubber,Sphere,25.05,4.66,128.24,0.4901,0.4106,2.7439,1.5539,1.5617,3.4457,2.6555,2.7883,4.0406
Rubber,Sphere,35.13,8.3,189.29,1.9992,2.1164,0.7137,2.7359,2.8573,2.0348,3.582,3.772,3.3937
Rubber,Beam,12.81,8.31,131.06,2.236,2.3815,1.3533,3.2222,3.3871,2.8836,4.2935,4.4899,4.2962
Rubber,Cylinder,34.55,7.12,247.03,0.2915,3.4487,1.4284,1.5173,3.945,2.4285,2.7129,4.3096,3.5664
TPU,Cylinder,56.36,1.14,206.67,2.4408,2.8533,2.318,2.8214,3.0439,2.7115,3.067,3.4718,3.0806
Rubber,Cylinder,15.27,8.4,493.35,7.4007,8.0329,6.9047,11.2296,12.0761,11.7324,15.2673,16.2508,16.5732
Rubber,Sphere,48.22,6.74,32.68,0.01,0.7601,0.0716,0.01,0.7738,0.2643,0.1452,0.6977,0.4906
Silicone,Sphere,30.48,7.0,75.38,0.7304,2.7388,1.6553,1.7054,3.2693,2.5327,2.8218,3.9849,3.5973
Rubber,Cylinder,42.76,3.69,31.15,0.2336,0.01,0.7676,0.3036,0.01,0.6517,0.3363,0.1204,0.6988
TPU,Sphere,23.01,8.8,314.79,6.5659,5.4316,5.3645,9.4452,9.0808,9.3677,12.3942,12.6609,13.3641
TPU,Cylinder,17.97,7.28,31.98,0.102,1.3316,0.5099,0.6144,1.4761,0.8353,1.0921,1.5598,1.2505
TPU,Cylinder,18.02,1.21,419.04,8.4888,10.0164,10.4873,12.2592,13.7972,14.4862,16.0257,17.5078,18.3087
TPU,Cylinder,13.52,4.14,258.41,4.9023,4.5324,9.1073,8.5218,8.5726,12.1494,12.2206,12.7724,15.3066
Rubber,Cylinder,19.28,8.88,265.87,4.1198,2.6112,2.0851,5.5511,4.5321,4.5468,6.9271,6.6326,6.8054
Rubber,Cylinder,43.21,0.57,282.99,2.3113,2.7117,2.2571,2.8092,3.2973,2.9773,3.4279,3.807,3.7232
TPU,Cylinder,54.08,9.62,89.55,1.6638,0.01,0.01,1.6231,0.1626,0.2178,1.6732,0.7749,0.864
TPU,Cylinder,50.71,6.82,102.86,0.01,1.8339,0.4832,0.2124,1.8275,0.8899,0.7849,1.9702,1.4804
Rubber,Sphere,44.26,6.35,162.81,0.01,2.1764,1.3435,0.3853,2.4939,2.0016,1.5246,2.9111,2.5885
TPU,Cylinder,15.52,2.78,298.78,7.0238,6.5419,9.4808,10.1428,10.0326,12.4834,13.2769,13.7453,15.5152
Silicone,Cylinder,24.46,2.56,109.01,2.9444,2.67,3.725,4.0276,3.6958,4.6629,4.9214,4.8243,5.5724
TPU,Sphere,25.49,9.43,62.58,1.8423,0.3765,0.4869,2.2503,1.1237,1.3344,2.6553,2.0174,2.2827
TPU,Sphere,22.5,3.05,485.21,9.6925,9.0376,13.7574,14.5578,14.5366,18.392,19.4907,20.1965,23.0776
Silicone,Sphere,35.75,7.78,15.88,0.1917,0.6309,0.017,0.3178,0.7817,0.3333,0.5539,0.7442,0.5821
Silicone,Cylinder,36.78,3.99,402.34,4.3157,3.2557,8.4494,7.4492,6.836,11.0236,10.6302,10.6348,13.3721
Rubber,Beam,27.84,1.48,395.08,4.6223,5.2207,4.816,5.7046,6.0466,5.9272,6.6409,7.0376,7.1083
Rubber,Beam,27.69,0.21,152.12,1.1292,1.3773,1.4876,1.7189,1.9747,2.1188,2.2595,2.4855,2.6295
Silicone,Sphere,51.43,5.49,72.14,0.01,0.6708,1.4751,0.5217,1.2969,1.9208,1.3022,1.8539,2.2554
Silicone,Beam,49.46,9.76,77.09,1.6197,0.01,0.01,1.7548,0.306,0.5505,1.7785,0.9901,1.2469
Rubber,Sphere,25.39,3.75,350.23,3.8577,2.4407,7.0622,6.1809,5.482,8.85,8.4082,8.3494,10.5838
TPU,Cylinder,55.69,3.64,323.19,2.1199,0.3728,4.1897,3.1283,1.8992,4.5074,3.9782,3.3177,5.1865
Silicone,Beam,57.64,3.51,392.46,3.2099,1.357,5.6363,4.6576,3.5177,6.5261,6.0099,5.5428,7.5464
Rubber,Cylinder,26.34,5.25,469.05,0.9027,2.862,6.0854,3.8473,5.6023,8.023,6.8612,8.2785,9.9985
TPU,Beam,27.72,4.46,347.5,1.8778,1.5194,5.7835,4.1351,4.0177,7.456,6.4987,6.5948,8.7883
Silicone,Cylinder,35.28,8.81,82.15,1.7431,0.7955,0.5126,2.2411,1.5891,1.3848,2.626,2.3801,2.3367
TPU,Beam,57.06,5.1,125.5,0.01,0.01,1.3866,0.01,0.4395,1.5562,0.6648,0.9978,1.5684
Rubber,Cylinder,53.82,5.13,421.89,0.01,0.3788,3.3934,0.9073,1.8508,4.0243,2.4719,3.2677,4.6656
Silicone,Cylinder,15.13,1.47,108.61,4.2584,4.8755,5.0229,5.8433,6.481,6.7302,7.6805,8.1882,8.515
TPU,Beam,29.64,9.83,40.9,1.1674,0.01,0.01,1.1035,0.1061,0.2013,1.2373,0.5338,0.8194
Silicone,Cylinder,37.67,2.57,353.12,5.938,5.4825,7.4968,8.0819,7.8574,9.5703,10.1014,10.2148,11.6066
TPU,Cylinder,35.16,0.83,204.25,2.7637,3.27,2.8338,3.5419,3.9543,3.7044,4.3117,4.7254,4.7092
Rubber,Cylinder,19.69,6.67,460.42,2.191,7.6207,5.9902,5.7535,10.0846,9.2627,9.4157,12.5839,12.5206
Rubber,Beam,52.94,5.99,326.88,0.01,1.8798,1.8024,0.01,2.4203,2.3074,1.2607,2.8509,2.994
Silicone,Beam,43.85,4.21,49.76,0.1375,0.01,1.2515,0.5332,0.0739,1.3626,0.8138,0.7196,1.3069
TPU,Cylinder,51.9,4.28,474.19,1.6801,0.4556,5.684,3.6468,2.9346,6.6989,5.5611,5.3495,7.7385
Silicone,Cylinder,52.94,7.87,132.99,0.9631,2.1561,0.5553,1.7515,2.5843,1.517,2.3975,3.1065,2.6303
Silicone,Beam,47.42,2.04,171.92,3.07,2.8134,3.0436,3.4666,3.3467,3.5194,3.9079,3.8325,3.9873
TPU,Beam,31.96,8.22,204.12,2.061,2.4763,0.9595,2.8998,3.4107,2.3501,3.7891,4.1403,3.7732
TPU,Cylinder,40.53,6.52,30.36,0.01,0.6958,0.1975,0.01,0.719,0.3733,0.1403,0.7758,0.5851
TPU,Cylinder,18.02,4.25,250.78,3.2293,2.808,6.9331,5.9437,5.8387,9.1169,8.7401,9.0362,11.2489
Rubber,Cylinder,43.68,4.63,66.04,0.01,0.01,1.0455,0.0193,0.01,1.0551,0.4492,0.4203,1.0596
Silicone,Sphere,18.96,2.64,203.48,7.3043,7.492,9.9581,10.9604,11.4483,13.5786,14.6468,15.4342,17.1318
Silicone,Beam,44.7,7.55,178.6,0.8806,3.1488,1.2123,2.0521,3.7316,2.4387,3.1229,4.2253,3.6869
Rubber,Sphere,21.48,5.18,387.56,2.5,4.2282,7.6879,6.1114,7.8559,10.5811,9.8886,11.3639,13.4125
TPU,Beam,15.88,3.28,402.57,7.2626,6.2101,10.8362,10.9367,10.5446,14.1503,14.6972,14.9194,17.5442
Rubber,Beam,18.26,6.0,80.94,0.01,1.0783,1.1405,0.2964,1.6279,1.59,1.2007,2.0453,2.1291
Rubber,Beam,10.1,9.96,186.44,4.8106,2.02,2.8627,6.3387,4.5552,5.5658,7.9839,7.2166,7.9153
Rubber,Beam,45.94,4.41,189.81,0.0224,0.01,2.1741,0.5942,0.1747,2.4107,1.2645,0.9779,2.4244
Silicone,Beam,46.62,9.21,79.95,1.6591,0.01,0.01,1.8809,0.7338,0.6157,1.9066,1.1936,1.3408
Rubber,Beam,35.75,3.52,400.23,2.5893,0.6366,4.763,3.6924,2.3125,5.3667,4.7162,4.0784,5.92
Silicone,Beam,18.07,0.64,355.08,7.9571,9.9384,10.6561,12.4676,14.1184,15.227,16.8996,18.5293,19.742
Silicone,Sphere,14.18,2.12,99.24,5.1363,5.4818,6.5082,7.3628,7.8819,8.8562,9.6558,10.2355,11.164
Silicone,Cylinder,10.96,4.25,186.53,6.3699,6.9294,11.4427,11.4513,12.0815,15.7606,16.3612,17.4028,20.0962
TPU,Cylinder,18.29,2.27,57.37,1.7975,1.6417,1.9461,2.0633,1.9539,2.2868,2.4578,2.4154,2.6939
Silicone,Sphere,54.54,0.1,315.96,3.3084,4.1229,4.7224,5.4469,6.1335,6.9161,7.5236,8.2859,8.9686
Silicone,Sphere,22.08,9.16,65.08,2.4808,1.3133,1.5098,3.2915,2.647,2.8852,4.2738,3.9912,4.2266
TPU,Sphere,27.71,8.45,493.04,7.775,8.2054,7.1463,11.7397,12.5687,12.4036,15.9616,16.9258,17.5881
Silicone,Sphere,15.27,7.45,391.44,13.0338,19.4444,19.0856,22.8596,28.3089,29.0753,32.6905,37.2536,39.0946
Rubber,Beam,21.12,1.76,198.17,3.3523,3.4133,3.3311,3.9373,4.0194,4.0856,4.5399,4.6638,4.7634
Rubber,Cylinder,35.96,1.29,291.39,3.451,4.045,3.3718,3.9699,4.3255,3.9734,4.5616,4.9316,4.745
Silicone,Beam,40.39,0.77,456.11,5.6416,6.8252,6.6257,7.8605,8.9186,9.0964,10.221,11.0971,11.4687
TPU,Cylinder,22.27,7.27,279.28,2.345,6.1722,4.1334,5.0275,7.8834,6.7844,7.5826,9.6984,9.3745
Rubber,Cylinder,12.89,9.3,91.38,2.4825,0.8548,0.9242,3.1082,2.029,2.2054,3.7203,3.1957,3.4249
TPU,Sphere,29.55,4.36,192.46,1.7574,1.2293,4.6488,3.5879,3.2665,5.8533,5.3199,5.4878,7.1343
TPU,Beam,21.71,1.28,422.36,6.7868,7.9628,7.9178,9.3007,10.2973,10.652,11.9293,12.9012,13.3495
Rubber,Sphere,20.98,5.17,323.89,1.87,3.5738,6.7037,5.1706,6.5711,9.143,8.3307,9.6932,11.4867
TPU,Beam,57.99,3.55,327.11,2.0651,0.1171,3.8554,2.6378,1.4319,4.085,3.4726,2.8092,4.4345
Rubber,Cylinder,40.82,3.81,434.08,2.2848,0.2662,5.0085,3.6031,2.3294,5.8366,4.8702,4.3926,6.5244
TPU,Sphere,37.84,6.25,447.52,1.5683,6.5895,6.2384,5.2635,9.2222,9.2486,8.9668,11.7794,12.1984
Rubber,Sphere,30.79,7.22,460.3,2.436,7.2561,4.4931,5.3273,9.0534,7.4168,8.3262,11.0382,10.5061
Silicone,Cylinder,31.45,1.19,51.95,1.5222,1.5736,1.3983,1.7219,1.8399,1.7158,1.9977,2.1428,2.1321
Rubber,Cylinder,37.05,0.45,274.34,2.1651,2.7114,2.3957,2.9029,3.4424,3.2882,3.7464,4.1686,4.1249
Rubber,Cylinder,44.82,9.94,371.55,4.0666,0.01,0.3211,4.5904,1.4478,1.9663,4.8501,3.1764,3.796
Rubber,Sphere,45.11,2.4,379.68,4.5855,3.7542,5.0346,5.2377,4.9296,5.9323,6.2222,5.9415,6.7227
Rubber,Beam,18.58,0.63,305.32,3.7237,4.6066,4.4441,5.3453,6.1003,6.1779,6.8682,7.5328,7.7853
TPU,Sphere,35.01,1.98,87.56,2.207,2.0908,2.1522,2.4305,2.4086,2.5791,2.761,2.6728,2.9159
Silicone,Beam,30.6,0.49,399.72,5.5831,6.7915,7.1206,8.4126,9.5716,10.1662,11.2752,12.3837,13.1713
Rubber,Sphere,53.53,3.98,361.46,1.558,0.01,4.36,2.7863,1.7666,4.9735,3.9923,3.5319,5.5762
TPU,Sphere,41.57,8.04,47.64,0.5162,0.9469,0.0149,0.8041,1.0681,0.4866,1.1117,1.3173,0.9375
Silicone,Cylinder,36.63,3.48,234.59,3.2758,2.06,5.4003,4.974,4.1295,6.6711,6.5957,6.2903,7.9746
Silicone,Beam,15.77,4.5,91.12,1.373,1.3669,3.7144,2.9168,3.0006,4.8588,4.4864,4.8592,6.0275
Silicone,Sphere,40.28,6.79,172.05,1.0416,4.3193,3.0788,2.9252,5.5002,4.8134,4.9922,6.6359,6.4423
Silicone,Sphere,15.86,5.14,13.95,0.0319,0.2963,0.9323,0.4577,0.7373,1.2067,0.8154,1.1194,1.4805
Rubber,Cylinder,26.86,8.63,203.16,2.5255,1.5894,0.5982,3.1677,2.6622,2.1427,3.9451,3.6402,3.5471
Rubber,Cylinder,17.14,8.67,277.19,4.322,3.4934,2.8599,6.1814,5.7097,5.373,7.8778,7.9915,8.0964
TPU,Beam,44.6,0.2,311.69,2.0309,2.4242,2.5844,3.0427,3.3521,3.6381,4.0604,4.516,4.605
TPU,Sphere,20.31,7.8,333.43,5.8669,8.8872,7.3346,10.0125,12.5677,11.7758,14.0753,16.1897,16.4166
TPU,Beam,29.59,4.66,418.96,1.7753,1.9402,6.4427,4.5012,4.7152,8.1071,7.0805,7.568,9.9578
Silicone,Sphere,54.78,9.89,111.65,2.4945,0.1748,0.5091,2.917,1.2773,1.5643,3.2521,2.3426,2.6206
Silicone,Beam,20.22,4.88,64.64,0.3927,0.6502,2.2147,1.2778,1.6095,2.7401,2.269,2.6002,3.3961
Rubber,Cylinder,35.39,9.87,426.51,5.0435,0.4044,1.1512,5.925,2.6935,3.4815,6.7361,4.9025,5.6852
Silicone,Sphere,30.96,7.57,82.52,1.126,2.7523,1.5665,2.236,3.462,2.7199,3.364,4.3049,3.9318
Silicone,Beam,10.91,2.56,487.51,18.1081,20.0081,25.0339,28.2778,30.539,35.0336,38.4346,41.1583,45.1333
Silicone,Cylinder,49.64,5.43,422.06,0.9285,3.5149,5.8932,3.9336,6.1574,8.0359,7.0358,8.6275,10.1276
TPU,Cylinder,13.45,9.92,252.93,7.1565,4.3864,5.8376,10.1297,8.4382,9.8593,13.1442,12.4536,13.9695
TPU,Beam,33.71,8.59,490.8,5.0063,3.9925,2.7565,6.9491,6.4783,5.8249,8.8836,8.8352,8.8957
Rubber,Sphere,38.03,1.06,53.2,1.0347,1.2146,0.901,1.1273,1.2277,1.0403,1.162,1.2131,1.1436
Silicone,Sphere,41.42,7.09,155.02,1.0827,3.96,2.4134,2.7082,4.9469,3.9481,4.3518,5.944,5.594
Silicone,Cylinder,44.43,3.52,320.92,3.7259,2.152,6.1609,5.5806,4.7068,7.5931,7.45,7.0654,9.025
Rubber,Sphere,22.66,0.17,178.25,2.2903,2.7125,3.0384,3.4792,4.0649,4.4841,4.844,5.3235,5.6179
Silicone,Sphere,10.5,4.09,464.54,23.6171,27.0079,37.0379,40.2817,44.2741,50.0,50.0,50.0,50.0
Silicone,Sphere,46.17,2.42,37.48,1.176,0.9123,1.1804,1.3255,1.1045,1.3875,1.3239,1.3831,1.4387
TPU,Cylinder,36.78,8.21,276.96,2.6307,3.2898,1.4601,4.0016,4.404,3.4945,5.1251,5.6811,5.3272
Rubber,Beam,51.81,3.44,297.48,1.8135,0.01,3.2161,2.1867,0.9071,3.2504,2.7274,1.8541,3.366
Rubber,Sphere,51.07,8.29,328.1,2.4453,2.6789,0.7223,3.3331,3.5341,2.4653,4.2831,4.5298,4.0311
Rubber,Cylinder,52.17,0.11,131.55,0.5219,0.7318,0.8197,0.8802,1.0552,1.04,1.199,1.2891,1.3827
Rubber,Cylinder,34.25,3.15,185.46,2.0898,0.7798,2.9606,2.5138,1.6004,3.1135,3.0122,2.5657,3.4957
TPU,Beam,26.68,2.49,422.62,6.0771,5.4012,7.5087,8.0578,7.7732,9.3225,9.8545,10.0642,11.1898
TPU,Sphere,49.58,2.41,101.5,1.8956,1.4518,2.0575,2.2128,1.8612,2.2466,2.3291,2.1941,2.5435
Silicone,Sphere,32.56,0.78,414.3,8.3467,10.2771,10.8768,12.8373,14.5299,15.3249,17.2827,18.8361,19.9254
Silicone,Beam,19.17,1.95,283.51,7.3292,8.0906,9.0256,10.3086,11.0788,12.0958,13.3244,14.1841,15.2829
Silicone,Beam,52.75,5.6,382.28,0.01,2.8373,4.385,2.4817,4.6473,5.9667,4.831,6.5404,7.4358
Silicone,Cylinder,54.13,2.98,358.24,4.2582,2.9257,5.9456,5.8007,4.9013,7.1489,7.2767,6.8677,8.4067
TPU,Cylinder,33.32,4.23,107.72,0.5313,0.01,2.19,1.2779,0.8042,2.5198,1.9945,1.8107,2.8569
Rubber,Beam,13.78,3.83,286.56,3.5225,2.4367,6.5703,5.8817,5.2366,8.516,8.0711,8.1575,10.2741
TPU,Sphere,29.39,8.77,434.52,7.1479,6.0166,5.7123,10.459,9.8856,10.0094,13.621,13.6865,14.5035
Silicone,Cylinder,50.18,9.06,218.9,3.3252,1.3062,1.052,4.1526,2.7795,2.7779,5.0717,4.2623,4.446
TPU,Cylinder,55.09,4.98,483.46,0.3331,0.918,4.8761,2.4168,3.146,6.0144,4.6145,5.4304,7.2864
Rubber,Sphere,20.17,3.37,228.85,3.7437,2.4339,5.8253,5.5035,4.7641,7.2331,7.2259,7.0342,8.7555
Rubber,Cylinder,13.35,1.16,75.68,1.9543,2.2519,2.0739,2.5466,2.7143,2.6542,2.9971,3.166,3.1317
TPU,Sphere,53.87,9.54,197.77,3.107,0.1755,0.4839,3.5654,1.5087,1.8835,4.0496,2.7944,3.1897
TPU,Sphere,29.47,0.7,476.09,7.4052,9.0533,9.2607,11.0442,12.4879,13.0668,14.5576,16.0249,16.874
TPU,Sphere,37.09,3.05,163.26,2.7137,1.584,3.6887,3.5201,2.7177,4.3161,4.1497,4.0429,5.1616
Silicone,Beam,58.4,3.05,434.71,4.2715,2.6204,6.0164,5.6692,4.7053,7.1277,7.028,6.5344,8.2144
TPU,Beam,13.33,3.27,441.22,9.0036,8.3604,13.4926,14.0441,13.8918,18.1151,19.0378,19.723,22.727
TPU,Beam,42.42,1.73,178.34,2.6433,2.6784,2.5942,2.8913,2.9512,2.7968,3.128,3.2477,3.1065
TPU,Sphere,13.71,7.85,46.21,1.1952,2.0426,1.2569,2.0722,2.7779,2.2431,2.8728,3.4521,3.2721
Rubber,Sphere,28.77,1.31,363.66,5.3174,6.1581,5.9572,6.9438,7.7129,7.7911,8.6393,9.2971,9.6004
Rubber,Beam,50.19,6.39,159.2,0.01,1.7118,0.6765,0.01,1.7459,1.0037,0.5846,1.7851,1.5673
Silicone,Cylinder,31.67,1.33,392.55,7.3215,8.5914,8.7229,10.2334,11.3026,11.7582,13.049,14.2256,14.7787
Silicone,Sphere,59.86,0.8,224.11,3.2342,3.8658,3.627,4.3286,4.8861,4.77,5.4198,5.9366,5.9116
Rubber,Cylinder,37.95,9.1,245.21,2.9224,0.557,0.1122,3.3706,1.5084,1.5716,3.6828,2.8061,2.8353
Rubber,Cylinder,26.06,1.98,390.07,5.3255,5.4417,5.9034,6.716,6.89,7.3565,7.9408,8.2313,8.6928
Rubber,Sphere,21.01,8.23,194.27,2.8236,3.5359,2.2024,4.3618,4.925,4.2317,5.8743,6.3456,6.1593
TPU,Sphere,27.53,5.49,224.35,1.0667,3.1527,4.8893,3.5497,5.2755,6.7369,6.2151,7.4434,8.6508
TPU,Cylinder,28.63,0.87,191.21,2.9012,3.5375,3.2804,3.9044,4.4701,4.3665,4.9104,5.3337,5.3969
Rubber,Cylinder,13.44,9.56,186.83,4.4338,1.7718,2.3695,5.757,4.1231,4.7152,7.0163,6.202,6.9069
TPU,Beam,28.48,2.54,265.34,3.9982,3.307,4.8531,5.0042,4.577,5.8296,6.0427,5.9344,6.8434
TPU,Beam,33.21,8.61,405.36,4.3545,3.3784,2.1459,5.8088,5.3584,4.7289,7.4811,7.3413,7.4267
Silicone,Sphere,46.14,1.77,184.08,3.8214,4.1743,4.253,5.0031,5.2004,5.4354,5.9907,6.3054,6.4816
Rubber,Beam,42.84,8.55,264.51,2.1603,1.3632,0.01,2.5314,1.9123,0.9841,2.8343,2.6953,2.3308
Rubber,Beam,45.44,0.23,337.01,1.6371,2.0676,2.0008,2.3745,2.6655,2.8394,3.019,3.4548,3.5056
TPU,Beam,10.42,5.17,138.37,1.878,2.9802,5.1734,4.2988,5.3336,7.069,6.6997,7.761,8.9751
Rubber,Beam,20.88,7.72,142.37,0.8821,2.5043,0.7973,1.7007,2.9158,1.7927,2.5575,3.3482,2.7698
Silicone,Cylinder,43.08,9.35,467.04,6.9967,3.5411,4.0315,9.3698,7.0552,7.831,11.6583,10.679,11.6561
Silicone,Sphere,34.2,9.1,363.15,7.8165,5.8654,6.4894,11.3487,10.1447,11.0389,14.742,14.4624,15.5995
Silicone,Beam,10.27,8.21,290.71,10.4839,12.9793,12.9063,17.1293,19.5501,20.2341,23.8113,26.0865,27.5177
Rubber,Cylinder,50.22,8.89,325.62,2.9464,0.7383,0.01,3.3488,1.8613,1.3522,3.7084,2.9172,2.9161
Rubber,Cylinder,48.64,2.07,19.5,0.6321,0.4563,0.5794,0.5183,0.354,0.3264,0.4647,0.3208,0.3414
Rubber,Cylinder,37.42,2.91,310.96,3.2214,1.7719,4.1479,3.8583,2.9055,4.646,4.4801,4.0409,5.1072
Rubber,Beam,13.32,2.96,257.21,4.4905,3.6218,6.3539,6.4411,5.9389,7.9544,8.175,8.0573,9.5446
Rubber,Beam,48.33,3.83,275.15,1.1373,0.01,3.0357,1.5619,0.5562,3.153,2.1939,1.7101,3.3034
Silicone,Sphere,39.19,3.99,182.91,2.5774,1.6012,4.9405,4.1865,3.7895,6.3492,5.9016,5.941,7.6716
TPU,Beam,49.1,5.49,45.33,0.01,0.087,0.6055,0.01,0.2867,0.6314,0.0906,0.3673,0.7454
Silicone,Beam,47.59,1.68,100.7,1.953,2.1195,1.8905,2.2727,2.2223,2.0584,2.3301,2.4999,2.402
Rubber,Cylinder,50.15,6.94,475.62,0.01,4.6553,1.9257,1.5897,5.263,3.401,3.4033,5.8375,4.8405
Silicone,Sphere,35.9,1.76,207.31,5.0068,5.4008,5.7898,6.5941,7.1366,7.4806,8.3417,8.7648,9.4209
Rubber,Beam,17.02,3.17,236.01,3.4082,2.1924,4.883,4.6101,3.9329,5.9738,6.0224,5.6648,6.9745
Rubber,Beam,43.56,5.08,31.09,0.01,0.01,0.558,0.01,0.01,0.4296,0.01,0.1984,0.4028
Silicone,Cylinder,41.02,7.98,23.6,0.3373,0.6351,0.01,0.4505,0.6904,0.2844,0.4238,0.7498,0.475
Rubber,Cylinder,47.11,7.42,360.0,0.5069,3.9935,1.1049,1.7597,4.3565,2.3978,2.9518,4.7166,3.7358
TPU,Beam,18.49,6.49,271.36,1.543,5.6205,4.777,4.3643,7.5902,7.1929,7.1535,9.5262,9.6295
Rubber,Sphere,19.75,1.64,256.81,5.3155,5.8603,6.0542,7.1308,7.64,7.9769,8.9721,9.4163,9.8555
TPU,Sphere,54.52,5.52,125.35,0.01,0.6946,1.6228,0.3896,1.3752,2.0218,1.3123,2.1009,2.5251
TPU,Cylinder,47.5,0.97,373.65,3.8143,4.5273,4.0536,4.9112,5.5254,5.2449,5.9754,6.3722,6.4094
Rubber,Cylinder,55.41,3.84,88.28,0.3971,0.01,1.3529,0.5882,0.01,1.2475,0.8132,0.3332,1.2259
Silicone,Beam,47.94,4.19,99.02,0.5154,0.01,2.035,1.0353,0.5162,2.2333,1.5207,1.3822,2.4728
TPU,Cylinder,39.86,0.49,233.05,2.3371,2.8503,2.6492,3.1819,3.6799,3.7041,4.0524,4.5592,4.5969
Silicone,Beam,42.71,2.81,146.71,2.3798,1.4954,3.0728,2.9191,2.3409,3.4876,3.471,3.1784,3.8317
TPU,Sphere,54.46,9.56,127.49,2.2933,0.01,0.0663,2.4848,0.8263,0.9649,2.5929,1.6912,1.9622
Rubber,Sphere,38.94,9.54,324.39,4.4831,0.6747,1.214,5.2293,2.7399,3.2505,6.1638,4.6588,5.383
Rubber,Beam,41.62,3.59,327.23,1.9296,0.0342,3.7655,2.6624,1.2713,3.9933,3.3423,2.7268,4.2813
TPU,Cylinder,17.82,0.53,413.14,7.3862,9.0712,9.6923,11.3914,12.9951,13.8614,15.5178,16.9238,18.076
Rubber,Sphere,33.7,1.87,211.77,3.5381,3.4661,3.5731,4.0662,4.1129,4.2749,4.7065,4.7841,4.9417
TPU,Cylinder,45.82,3.98,41.18,0.2297,0.01,1.015,0.3213,0.01,0.9082,0.5804,0.3285,0.9446
Rubber,Sphere,23.55,9.48,140.46,2.956,0.6755,0.9348,3.6699,2.0638,2.412,4.3122,3.4581,3.7194
Silicone,Beam,20.11,1.5,490.1,11.0808,13.064,14.0399,16.3897,18.1859,19.3606,21.5312,23.3013,24.6953
Rubber,Beam,25.69,7.66,300.15,1.5019,4.135,1.6608,2.9356,4.9891,3.2261,4.3618,5.7451,5.0317
Silicone,Beam,22.08,1.18,356.32,7.5498,9.0904,9.3692,11.019,12.3328,12.8155,14.2833,15.687,16.4123
Rubber,Sphere,20.75,9.81,8.64,0.5207,0.01,0.01,0.4536,0.01,0.0496,0.4143,0.0976,0.1482
Silicone,Cylinder,31.24,3.88,261.51,3.5228,2.4831,6.4993,5.6892,5.2581,8.3064,8.2567,8.1705,10.2734
Rubber,Cylinder,55.39,7.77,23.58,0.0495,0.4752,0.01,0.1044,0.4482,0.01,0.189,0.4127,0.096
Silicone,Cylinder,35.35,3.49,286.77,3.9838,2.7331,6.5883,6.1237,5.4419,8.3941,8.2748,8.0466,10.0674
TPU,Sphere,19.4,6.31,460.78,6.0339,12.1238,12.4038,12.576,17.6526,18.4358,19.148,23.0133,24.2996
TPU,Sphere,13.85,2.0,484.37,15.4716,17.7004,20.3952,23.5024,25.9439,28.6017,31.437,33.9558,36.6292
Silicone,Sphere,44.81,1.55,272.57,5.3544,6.0967,6.0413,7.0418,7.6655,7.966,8.7677,9.4745,9.7869
Rubber,Sphere,29.14,9.39,231.81,3.8779,1.0331,1.2976,4.8547,2.8588,3.2021,5.6203,4.706,5.1519
Silicone,Sphere,51.09,9.18,472.78,7.497,4.5509,5.0309,10.308,8.4472,9.1255,13.0548,12.3979,13.4109
Rubber,Cylinder,42.98,8.89,338.44,3.2805,1.1286,0.2658,3.8168,2.3537,1.8453,4.4132,3.5504,3.6191
TPU,Sphere,49.81,6.29,37.13,0.01,0.7593,0.4029,0.01,0.8946,0.5106,0.2642,0.8429,0.8064
Rubber,Sphere,23.6,8.1,235.53,2.9817,4.0819,2.3651,4.5615,5.534,4.5678,6.2485,6.8322,6.6842
TPU,Cylinder,44.62,0.78,123.92,1.5227,1.8621,1.5583,2.0292,2.1031,1.9662,2.1845,2.3773,2.3067
Rubber,Sphere,23.2,3.41,237.55,3.3355,2.1638,5.4461,4.96,4.2573,6.653,6.4334,6.4545,8.035
Rubber,Cylinder,56.95,3.21,230.46,1.9093,0.3009,2.8256,2.1123,0.8862,2.7641,2.3668,1.7799,2.8558
Rubber,Cylinder,41.82,6.39,293.16,0.01,3.0783,1.8158,0.6963,3.4261,2.7939,2.0872,4.0199,3.7407
Silicone,Beam,26.23,3.62,181.6,2.9591,1.7736,4.9378,4.4352,3.7694,6.1597,5.9619,5.7675,7.3317
Silicone,Beam,23.48,1.57,86.31,2.4331,2.7105,2.6205,3.0317,3.2713,3.2024,3.5642,3.7896,3.7989
TPU,Beam,19.55,6.01,254.34,1.0395,4.3055,4.5805,3.5678,6.2551,6.7506,6.2266,8.2274,8.5799
TPU,Beam,44.73,8.16,415.95,2.7139,3.6621,1.4851,4.0885,4.9932,3.4724,5.3853,6.2049,5.5154
Silicone,Sphere,20.94,3.88,333.69,8.6463,8.616,14.5069,14.6066,15.2065,19.8507,20.6662,21.7431,25.2687
TPU,Beam,39.77,1.41,172.49,2.5954,2.7272,2.3006,2.866,3.0454,2.7686,3.1414,3.3153,3.1692
Silicone,Cylinder,23.23,2.05,468.08,10.9069,12.0488,13.9675,15.8586,17.2249,18.9469,20.8448,22.2895,24.0933
Rubber,Sphere,43.1,2.45,456.54,5.239,4.4047,6.0463,6.4973,5.9118,7.2658,7.5302,7.471,8.4069
TPU,Beam,50.75,3.07,108.63,1.4147,0.3137,1.8259,1.413,0.7697,1.8125,1.6865,1.1905,1.7973
TPU,Cylinder,48.9,6.46,24.51,0.01,0.6097,0.168,0.01,0.5926,0.2663,0.01,0.5429,0.4273
Silicone,Sphere,48.04,6.05,371.95,1.7052,6.054,6.4234,5.2131,8.6095,9.1029,8.8229,11.3479,12.0767
TPU,Sphere,19.39,6.99,414.67,6.0147,11.8675,10.5071,11.8264,16.5783,16.091,17.5648,21.1244,21.702
TPU,Beam,14.42,3.69,484.09,8.346,7.636,13.645,13.5914,13.6162,18.3387,19.0331,19.4709,23.0467
Rubber,Sphere,44.95,8.26,445.47,3.4054,3.9607,1.7871,4.9059,5.4743,4.1491,6.3982,6.8528,6.4651
TPU,Cylinder,28.42,2.12,302.26,5.0919,5.0303,5.8692,6.4576,6.5655,7.2741,7.9121,8.2093,8.9085
Rubber,Sphere,31.62,4.74,267.38,0.8633,0.9204,4.2971,2.6237,3.0138,5.3668,4.5094,4.8231,6.5282
Silicone,Cylinder,11.56,8.03,18.78,0.7929,1.0496,0.6941,1.224,1.5094,1.1999,1.6495,1.7716,1.6885
TPU,Sphere,22.98,1.88,127.09,3.45,3.6315,3.8667,4.4949,4.7011,4.969,5.4826,5.6377,6.0768
Rubber,Beam,11.68,1.19,232.51,4.8511,5.6204,5.6915,6.5404,7.4628,7.5064,8.467,9.2294,9.5448
Silicone,Cylinder,53.96,8.85,316.11,4.0564,2.3506,1.6688,5.2677,4.1528,3.7888,6.4875,5.9031,6.1043
TPU,Sphere,22.17,3.5,280.84,5.3406,4.2023,8.4892,8.2356,7.8833,11.0335,11.2537,11.4054,13.6712
Silicone,Sphere,37.87,6.87,372.6,3.5953,8.7549,7.1584,7.6757,11.8172,11.0649,11.8579,14.9588,14.869
TPU,Sphere,11.95,0.35,143.48,4.7174,5.8155,6.4762,7.6461,8.715,9.5629,10.5076,11.5894,12.4376
Silicone,Cylinder,43.34,6.93,284.65,1.1647,5.2005,3.3208,3.5014,6.5737,5.2974,5.5828,7.7889,7.3629
Silicone,Cylinder,26.15,3.23,48.63,1.2113,0.5704,1.8521,1.5815,1.2597,2.1664,2.0594,1.7753,2.4106
Rubber,Cylinder,54.9,0.65,209.76,1.6179,2.1185,1.5093,1.8496,2.1932,1.8033,2.2067,2.4009,2.2255
Silicone,Beam,54.41,6.14,376.33,0.01,3.9482,3.7183,2.2693,5.2981,5.3099,4.6248,6.7383,6.9094
TPU,Beam,26.26,2.48,348.23,5.1357,4.716,6.3941,6.8486,6.5509,8.0035,8.404,8.4569,9.4726
TPU,Cylinder,55.05,3.93,495.37,2.4914,0.6122,5.7306,4.1807,2.9043,6.7678,5.7983,5.207,7.749
Rubber,Sphere,59.81,0.9,142.56,1.547,1.8085,1.4667,1.7575,1.9806,1.6453,1.8552,2.14,1.9778
TPU,Beam,51.27,1.56,251.6,3.1731,3.2367,2.8927,3.4338,3.517,3.3344,3.6499,3.6933,3.7212
TPU,Cylinder,52.24,3.05,168.12,1.9974,0.8207,2.6301,2.2805,1.39,2.8471,2.617,2.1154,2.9897
TPU,Sphere,22.45,0.99,223.1,4.9499,5.922,6.068,7.1205,7.9427,8.2579,9.127,10.1281,10.4423
Silicone,Beam,38.84,9.12,429.19,6.1625,3.3983,3.5363,8.2815,6.4167,6.7323,10.3223,9.354,10.1713
Silicone,Sphere,13.36,0.16,343.68,14.2603,17.5307,20.4658,23.7952,27.0676,30.133,33.3325,36.5966,39.6937
TPU,Sphere,14.75,4.89,441.81,8.8594,11.3511,17.2531,16.954,19.4045,24.2607,24.8793,27.4423,31.3191
Rubber,Sphere,59.94,1.32,105.74,1.6097,1.7652,1.3462,1.5847,1.7494,1.4396,1.6501,1.6846,1.4528
Silicone,Sphere,26.33,3.15,437.31,10.5383,10.3098,15.5094,16.4114,16.7102,20.9159,22.2124,23.2115,26.4523
Rubber,Beam,47.41,9.27,34.58,0.8436,0.01,0.01,0.6401,0.01,0.01,0.684,0.1023,0.2349
TPU,Beam,50.33,1.7,444.86,4.6998,4.9058,4.6554,5.4306,5.7222,5.556,6.2076,6.3249,6.4419
TPU,Beam,52.9,9.66,167.89,2.4047,0.01,0.01,2.4303,0.3781,0.6332,2.5495,1.3162,1.6185
Silicone,Cylinder,59.88,2.14,160.72,2.7169,2.4212,2.8491,3.1137,2.9564,3.2056,3.2253,3.3095,3.6057
TPU,Beam,22.07,7.44,258.48,2.0465,5.1688,2.9917,4.1861,6.5198,5.1958,6.2077,7.8802,7.362
Silicone,Sphere,12.02,5.51,470.64,18.6021,25.5106,31.8383,33.8902,40.3506,46.2889,49.2379,50.0,50.0
TPU,Beam,30.56,8.86,28.65,0.7061,0.1012,0.01,0.6996,0.3194,0.0706,0.801,0.5511,0.4508
TPU,Sphere,16.5,5.58,179.35,2.2947,4.6139,6.2436,5.3259,7.3823,8.7812,8.574,10.2596,11.3546
Silicone,Cylinder,11.12,5.39,429.0,13.2116,18.3605,23.9167,24.6979,29.5836,34.443,36.1718,40.6397,44.9713
Silicone,Sphere,28.02,2.04,201.05,5.799,6.0792,6.9812,7.9081,8.4391,9.3495,10.1959,10.8204,11.5416
Silicone,Sphere,49.19,1.75,103.58,2.4279,2.4951,2.5177,2.8669,2.9887,2.9464,3.3699,3.4274,3.6134
TPU,Sphere,38.31,9.17,215.27,3.725,1.3755,1.396,4.7432,3.2094,3.2369,5.6497,4.8278,5.1942
TPU,Cylinder,25.64,3.35,195.85,2.8825,1.6697,4.4548,4.0899,3.3445,5.4726,5.2381,5.0163,6.548
Rubber,Beam,42.72,3.78,458.13,1.912,0.01,4.7201,3.2142,1.6953,5.2498,4.3103,3.6045,5.7994
Silicone,Beam,21.6,7.62,382.16,5.6372,9.5539,7.703,10.0816,13.322,12.3657,14.4041,16.9727,17.1039
TPU,Cylinder,10.72,3.45,255.03,7.2399,6.7816,11.0911,11.404,11.5805,15.0113,15.678,16.3658,18.9649
TPU,Sphere,48.22,9.53,494.24,6.5412,2.2637,2.9452,8.2516,5.5431,6.278,10.1543,8.7188,9.6713
Silicone,Beam,41.19,7.41,235.31,1.2238,4.1547,1.9735,2.8731,5.0283,3.6541,4.482,6.0383,5.2545
Rubber,Cylinder,48.12,6.01,33.83,0.01,0.3725,0.2765,0.01,0.4052,0.3852,0.01,0.3691,0.3814
Silicone,Beam,11.95,8.82,134.83,5.0104,4.5011,4.5986,7.4462,7.2686,7.6535,9.8973,10.0552,10.7996
Rubber,Cylinder,51.86,0.59,220.85,1.6863,2.07,1.7294,2.0485,2.3628,2.0912,2.3851,2.4477,2.4661
TPU,Sphere,40.98,2.64,82.67,1.7764,1.1726,2.0028,1.9353,1.6111,2.1571,2.1773,1.9698,2.3662
Rubber,Beam,38.17,4.7,474.04,0.3984,0.232,4.5755,2.247,2.2379,5.556,3.9449,4.2637,6.322
TPU,Cylinder,41.23,2.35,384.59,4.9568,4.3681,5.6173,6.1232,5.7529,6.743,7.0998,7.1024,7.8716
Silicone,Beam,53.22,7.46,137.8,0.408,2.3201,0.5627,1.145,2.6095,1.4849,1.9377,2.861,2.3052
Silicone,Beam,39.35,9.2,297.45,4.6603,1.9407,2.0447,5.9424,4.1631,4.4032,7.2715,6.3266,6.7718
Silicone,Beam,39.05,4.3,362.12,2.5334,1.6832,6.5409,4.8451,4.635,8.1013,7.4023,7.4577,9.8937
Rubber,Beam,59.53,3.49,470.93,2.1896,0.0232,4.1418,2.9309,1.4084,4.3624,3.4891,2.6108,4.5155
TPU,Cylinder,47.84,9.62,441.41,5.2094,0.8111,1.3455,6.1957,3.1976,3.875,7.3181,5.5645,6.215
Silicone,Sphere,32.11,4.5,260.02,3.3936,3.5081,7.8064,6.6698,7.1372,10.5016,10.1133,10.6445,13.0551
Silicone,Cylinder,45.37,4.94,388.45,1.5698,2.5542,6.4163,4.5315,5.4593,8.4246,7.4351,8.4027,10.3826
TPU,Cylinder,29.46,3.58,283.26,3.1692,1.7781,5.5879,4.76,3.9504,6.8476,6.5697,6.1888,8.087
Silicone,Cylinder,21.44,9.1,278.59,7.1079,5.3064,6.0222,10.2999,9.4239,10.2131,13.5034,13.3131,14.3844
TPU,Sphere,39.84,5.73,61.8,0.01,0.7537,0.9799,0.1413,1.0895,1.3901,0.8389,1.487,1.6996
TPU,Beam,56.41,7.65,67.44,0.0797,1.1498,0.01,0.2713,1.1159,0.2155,0.5438,0.9807,0.568
TPU,Beam,56.46,8.14,267.12,1.5573,2.3094,0.1924,2.2144,2.7387,1.4208,2.7667,3.3133,2.6251
TPU,Beam,27.1,3.48,138.09,1.6881,0.5601,2.9768,2.3854,1.6363,3.4424,3.0525,2.7521,3.8183
TPU,Sphere,36.38,4.39,15.41,0.0191,0.01,0.5478,0.194,0.01,0.633,0.2639,0.162,0.5795
Rubber,Beam,20.58,8.5,362.81,3.9461,3.7161,2.4774,5.6882,5.6403,4.8405,7.4055,7.5077,7.4684
Silicone,Sphere,59.78,3.7,21.08,0.2852,0.01,0.7383,0.473,0.0515,0.6416,0.5023,0.2625,0.704
Rubber,Beam,59.06,7.96,299.66,1.0925,2.2654,0.01,1.4795,2.4874,0.8968,1.9428,2.6325,1.764
Silicone,Beam,42.48,9.42,271.9,4.2905,1.1878,1.4918,5.3228,3.1873,3.5485,6.3279,5.0707,5.691
Rubber,Cylinder,50.22,6.27,484.56,0.01,3.6707,2.7379,1.1307,4.597,3.8678,3.0996,5.3573,5.2233
TPU,Sphere,45.76,7.44,244.69,1.1709,4.127,1.8655,2.7974,4.9407,3.4419,4.3086,5.6711,5.2496
Silicone,Cylinder,39.66,8.07,36.48,0.447,0.7591,0.0329,0.693,0.9472,0.5489,0.8975,1.1193,0.9012
Silicone,Cylinder,12.67,8.47,278.09,9.9642,11.1413,11.4942,15.7705,17.3142,18.1646,21.7731,23.4132,24.7609
Rubber,Cylinder,32.74,4.01,421.34,2.3381,0.6291,5.6198,3.8989,2.9911,6.5846,5.7337,5.4472,7.6309
Rubber,Sphere,43.74,0.61,498.44,4.1803,5.2217,4.9387,5.9703,6.6725,6.6577,7.5417,8.2875,8.4764
Silicone,Sphere,43.88,4.08,218.02,2.4397,1.5958,5.4707,4.3682,3.9147,6.7687,6.3846,6.27,8.1449
Rubber,Beam,28.66,6.77,163.55,0.01,2.5383,1.1231,0.5766,2.7929,1.8138,1.5959,3.0112,2.4891
Rubber,Cylinder,57.08,4.56,453.79,0.0931,0.01,3.871,1.5019,1.2321,4.421,2.9614,2.9613,4.8926
Rubber,Beam,18.37,7.51,99.66,0.5596,2.2258,0.5843,1.2432,2.4892,1.4358,1.8928,2.7493,2.2648
TPU,Cylinder,35.02,3.63,309.64,2.7925,1.369,5.3741,4.4258,3.5221,6.4697,6.0109,5.5952,7.5285
TPU,Sphere,44.54,6.38,205.83,0.01,3.2143,2.4293,1.4543,4.0255,3.5395,3.1901,4.8258,4.621
Rubber,Sphere,44.86,1.95,25.34,0.7478,0.6508,0.6445,0.7688,0.6414,0.6038,0.6645,0.5912,0.6358
Rubber,Sphere,42.43,7.52,176.91,0.573,2.7994,0.6871,1.4613,3.1414,1.733,2.2411,3.3797,2.6842
TPU,Cylinder,23.76,5.5,136.29,0.1395,1.656,2.7066,1.6515,2.802,3.5653,2.978,3.909,4.5649
TPU,Sphere,17.81,2.12,344.62,9.4059,10.194,11.8943,13.6527,14.6239,16.2641,17.7163,19.0116,20.5723
Silicone,Cylinder,41.8,2.99,474.65,6.5445,5.2689,9.1344,9.08,8.5874,11.5547,11.8902,11.8598,13.9804
Silicone,Beam,39.97,7.51,137.68,0.8347,2.675,1.0076,1.7954,3.2205,2.0177,2.6984,3.6915,3.0943
TPU,Cylinder,18.97,4.88,406.68,3.913,5.2008,9.9027,8.5503,9.8281,13.3682,13.0016,14.4607,16.9669
Rubber,Beam,45.26,2.24,32.4,0.8493,0.4595,0.6293,0.6943,0.4968,0.5991,0.6311,0.5019,0.5687
Rubber,Cylinder,32.76,9.68,271.37,3.6606,0.0504,0.5888,4.2102,1.5899,2.1899,4.8377,3.2804,3.8607
Rubber,Beam,43.39,7.18,39.92,0.01,0.9517,0.01,0.01,0.843,0.1349,0.1698,0.7298,0.2965
Rubber,Sphere,51.87,9.58,467.35,5.0722,0.5022,0.9446,5.8438,2.7863,3.4055,6.7224,5.0933,5.6948
Silicone,Beam,18.49,4.33,384.34,6.4708,6.7003,12.3408,11.6445,12.2635,16.7974,16.8436,17.9393,21.2504
TPU,Sphere,10.96,4.8,330.69,9.4541,11.5776,17.246,17.3649,19.6304,24.3046,25.2464,27.7639,31.5698
Rubber,Sphere,48.96,8.99,412.83,4.2728,1.521,0.9606,5.1742,3.3112,3.1197,6.0577,5.1124,5.2335
Silicone,Beam,40.48,5.3,325.52,0.7033,2.5564,4.864,3.1611,4.6096,6.593,5.7253,6.9325,8.2527
Rubber,Cylinder,44.98,7.1,484.63,0.4216,5.0304,2.0103,2.3097,5.7776,3.7459,4.1165,6.4579,5.4407
TPU,Cylinder,51.91,2.6,358.41,4.0541,2.8607,4.7079,4.7719,3.9928,5.439,5.4735,5.1113,6.0244
Silicone,Cylinder,50.14,4.52,462.71,2.4721,2.1795,7.2342,5.409,5.4118,9.3171,8.3118,8.766,11.3843
TPU,Cylinder,58.05,1.32,260.98,3.0842,3.395,2.8347,3.3885,3.6449,3.3161,3.8147,3.9405,3.8732
TPU,Cylinder,36.8,2.14,62.95,1.3739,1.2301,1.4998,1.5392,1.3044,1.5392,1.6442,1.4826,1.5562
Silicone,Sphere,34.42,0.11,266.45,4.4721,5.3458,6.2195,7.1934,8.1785,9.0567,9.9941,11.1603,11.9684
Silicone,Cylinder,30.09,0.49,67.8,1.3266,1.6394,1.447,1.7537,2.1496,1.9797,2.3693,2.6049,2.6625
Silicone,Sphere,17.68,9.78,298.28,11.3009,9.2128,11.5159,17.1073,16.1218,18.3658,22.8651,22.9952,25.2896
Silicone,Sphere,38.63,2.5,243.83,5.2212,4.9209,6.5945,7.1457,7.0262,8.4765,9.0641,9.258,10.3137
Silicone,Sphere,23.85,6.67,313.17,5.1334,10.5197,9.9913,10.6593,15.0182,15.1097,16.0705,19.3558,20.1
Silicone,Beam,56.07,8.41,9.97,0.1834,0.1332,0.01,0.2955,0.1727,0.0165,0.2522,0.1957,0.0288
Silicone,Beam,39.16,5.55,101.45,0.01,1.0014,1.6326,0.5608,1.4665,2.225,1.5354,2.2104,2.6713
Rubber,Sphere,39.64,1.62,248.21,3.6296,3.7583,3.5305,4.117,4.4017,4.3139,4.6766,4.9633,4.9964
TPU,Beam,27.75,7.31,475.5,2.7994,7.4359,4.5914,5.8843,9.4729,7.8138,8.9524,11.5023,10.9206
Silicone,Cylinder,12.6,6.04,194.89,4.4925,8.3135,9.3494,9.2639,12.544,13.7045,14.163,16.6372,17.9982
Rubber,Cylinder,11.59,7.34,215.06,2.6985,6.0399,4.384,5.3982,7.9702,7.0905,8.0583,9.9496,9.7081
Rubber,Sphere,31.17,7.72,358.77,2.6059,5.4115,2.9044,4.7098,6.9666,5.3746,6.8547,8.4814,7.7337
Rubber,Cylinder,14.23,9.76,303.88,6.277,2.9968,4.0589,8.5143,6.3393,7.5103,10.6901,9.693,10.8145
TPU,Sphere,40.34,5.78,152.97,0.01,1.8062,2.3346,1.1705,2.5778,3.1414,2.4732,3.6649,4.0708
Silicone,Sphere,54.05,3.48,208.35,2.7247,1.4709,4.5847,3.9985,3.1925,5.4222,5.3482,5.0149,6.4263
Rubber,Cylinder,54.15,6.52,112.76,0.01,1.4701,0.477,0.01,1.4837,0.7907,0.3805,1.4724,1.1463
TPU,Beam,42.95,0.78,483.18,4.261,5.1743,4.7473,5.5535,6.4377,6.2561,7.0271,7.7196,7.707
TPU,Cylinder,20.56,8.98,69.66,1.7375,0.6004,0.5368,2.1122,1.4454,1.3336,2.5837,2.1982,2.3281
TPU,Cylinder,53.15,1.28,189.06,2.4996,2.9296,2.3001,2.6449,2.955,2.6165,3.0922,3.2182,3.0165
Rubber,Sphere,54.3,3.35,17.79,0.3132,0.01,0.489,0.2638,0.01,0.4935,0.2267,0.1113,0.3721
Silicone,Sphere,19.83,8.18,114.78,3.4101,4.3414,3.6904,5.6604,6.4079,6.1487,7.66,8.3841,8.4753
